FingersNr,1.000000
FingertipsDistances,131.501000,0.000000,0.000000,0.000000,0.000000
FingertipsDistancesRefined,141.399000,0.000000,0.000000,0.000000,0.000000
FingertipsInterDistances,0.000000,0.000000,0.000000,0.000000
FingertipsPositions,40.293800,0.000000,0.000000,0.000000,0.000000,320.733000,0.000000,0.000000,0.000000,0.000000,-39.385300,0.000000,0.000000,0.000000,0.000000
HandDirection,0.190650,0.403852,-0.894738
HandSphereCenter,1.685420,266.331000,33.282900
HandSphereRadius,67.538300
PalmNormal,0.065675,-0.914661,-0.398851
PalmPosition,9.424150,219.589000,38.779200
PalmPositionRefined,5.461390,212.132000,44.197600
PalmVelocity,56.007000,128.049000,-50.019600
RotationAngle,0.000000
RotationAxis,0.000000,0.000000,0.000000
RotationMatrix,1.000000,0.000000,0.000000,0.000000,1.000000,0.000000,0.000000,0.000000,1.000000
RotationProbability,0.000000
ScaleFactor,1.000000
ScaleProbability,0.000000
Translation,0.000000,0.000000,0.000000
TranslationProbability,0.000000
