FingersNr,0.000000
FingertipsDistances,0.000000,0.000000,0.000000,0.000000,0.000000
FingertipsDistancesRefined,0.000000,0.000000,0.000000,0.000000,0.000000
FingertipsInterDistances,0.000000,0.000000,0.000000,0.000000
FingertipsPositions,0.000000,0.000000,0.000000,0.000000,0.000000,0.000000,0.000000,0.000000,0.000000,0.000000,0.000000,0.000000,0.000000,0.000000,0.000000
HandDirection,-0.007069,0.540909,-0.841051
HandSphereCenter,25.176200,269.351000,25.416000
HandSphereRadius,77.745300
PalmNormal,-0.490826,-0.734662,-0.468361
PalmPosition,40.748900,206.246000,58.361900
PalmPositionRefined,44.842600,213.170000,49.605400
PalmVelocity,-8.155750,-14.585600,18.669500
RotationAngle,0.086856
RotationAxis,-0.188793,-0.636361,0.747932
RotationMatrix,0.996365,0.065334,0.054670,-0.064428,0.997757,-0.018171,-0.055735,0.014583,0.998339
RotationProbability,0.000883
ScaleFactor,0.992607
ScaleProbability,0.000130
Translation,15.403800,-13.239500,7.578910
TranslationProbability,0.998987
