FingersNr,2.000000
FingertipsDistances,109.763000,101.042000,0.000000,0.000000,0.000000
FingertipsDistancesRefined,103.091000,86.034500,0.000000,0.000000,0.000000
FingertipsInterDistances,62.947200,0.000000,0.000000,0.000000
FingertipsPositions,-22.719300,31.673600,0.000000,0.000000,0.000000,307.484000,277.296000,0.000000,0.000000,0.000000,137.246000,127.632000,0.000000,0.000000,0.000000
HandDirection,0.260005,0.825677,-0.500654
HandSphereCenter,-12.465200,244.437000,170.891000
HandSphereRadius,58.601200
PalmNormal,-0.326850,-0.412624,-0.850242
PalmPosition,-8.869170,217.047000,197.887000
PalmPositionRefined,-1.601670,214.215000,175.751000
PalmVelocity,-0.964874,12.174400,1.722990
RotationAngle,0.387019
RotationAxis,-0.813236,-0.219537,0.538935
RotationMatrix,0.974953,0.216615,0.050444,-0.190205,0.929603,-0.315690,-0.115276,0.298189,0.947520
RotationProbability,0.205886
ScaleFactor,1.021360
ScaleProbability,0.081523
Translation,-20.839100,78.701600,30.523300
TranslationProbability,0.712592
