FingersNr,2.000000
FingertipsDistances,109.888000,108.375000,0.000000,0.000000,0.000000
FingertipsDistancesRefined,113.013000,116.973000,0.000000,0.000000,0.000000
FingertipsInterDistances,56.535300,0.000000,0.000000,0.000000
FingertipsPositions,-67.699300,-13.883600,0.000000,0.000000,0.000000,260.845000,247.738000,0.000000,0.000000,0.000000,42.531000,31.203600,0.000000,0.000000,0.000000
HandDirection,0.118722,0.651648,-0.749173
HandSphereCenter,-47.110900,189.611000,58.639100
HandSphereRadius,65.032100
PalmNormal,0.070581,-0.758139,-0.648262
PalmPosition,-39.147600,182.088000,113.648000
PalmPositionRefined,-48.269700,183.900000,122.991000
PalmVelocity,56.255900,-5.162880,3.331810
RotationAngle,0.000000
RotationAxis,0.000000,0.000000,0.000000
RotationMatrix,1.000000,0.000000,0.000000,0.000000,1.000000,0.000000,0.000000,0.000000,1.000000
RotationProbability,0.000000
ScaleFactor,1.000000
ScaleProbability,0.000000
Translation,0.000000,0.000000,0.000000
TranslationProbability,0.000000
