FingersNr,0.000000
FingertipsDistances,0.000000,0.000000,0.000000,0.000000,0.000000
FingertipsDistancesRefined,0.000000,0.000000,0.000000,0.000000,0.000000
FingertipsInterDistances,0.000000,0.000000,0.000000,0.000000
FingertipsPositions,0.000000,0.000000,0.000000,0.000000,0.000000,0.000000,0.000000,0.000000,0.000000,0.000000,0.000000,0.000000,0.000000,0.000000,0.000000
HandDirection,0.050812,0.569684,-0.820291
HandSphereCenter,-49.855100,230.405000,60.596600
HandSphereRadius,55.741800
PalmNormal,0.053412,-0.821727,-0.567373
PalmPosition,-30.557500,198.487000,101.513000
PalmPositionRefined,-31.383400,198.331000,101.525000
PalmVelocity,98.820700,21.806500,-5.136740
RotationAngle,0.153240
RotationAxis,0.262018,0.476873,-0.839011
RotationMatrix,0.989086,-0.126604,-0.075367,0.129532,0.990946,0.035306,0.070214,-0.044683,0.996531
RotationProbability,0.003553
ScaleFactor,1.020190
ScaleProbability,0.000042
Translation,-37.642000,5.197680,-24.629500
TranslationProbability,0.996405
