FingersNr,3.000000
FingertipsDistances,79.563800,99.409800,45.200900,0.000000,0.000000
FingertipsDistancesRefined,81.090100,98.554400,45.043000,0.000000,0.000000
FingertipsInterDistances,98.429600,71.463600,0.000000,0.000000
FingertipsPositions,-12.261400,57.059400,71.896100,0.000000,0.000000,251.869000,317.918000,248.319000,0.000000,0.000000,85.547500,62.730700,69.279700,0.000000,0.000000
HandDirection,-0.325644,0.774555,-0.542237
HandSphereCenter,49.227000,263.270000,104.546000
HandSphereRadius,55.108100
PalmNormal,0.003043,-0.572635,-0.819805
PalmPosition,60.551500,230.012000,109.020000
PalmPositionRefined,62.349900,231.602000,110.002000
PalmVelocity,-4.049150,-13.721800,0.346158
RotationAngle,0.121695
RotationAxis,-0.485514,0.684422,0.543915
RotationMatrix,0.994348,0.063571,-0.085038,-0.068486,0.996069,-0.056186,0.081132,0.061692,0.994792
RotationProbability,0.011660
ScaleFactor,0.955434
ScaleProbability,0.002816
Translation,52.502300,11.797200,4.928490
TranslationProbability,0.985525
