FingersNr,1.000000
FingertipsDistances,80.345800,0.000000,0.000000,0.000000,0.000000
FingertipsDistancesRefined,80.627500,0.000000,0.000000,0.000000,0.000000
FingertipsInterDistances,0.000000,0.000000,0.000000,0.000000
FingertipsPositions,-60.806400,0.000000,0.000000,0.000000,0.000000,295.190000,0.000000,0.000000,0.000000,0.000000,78.581700,0.000000,0.000000,0.000000,0.000000
HandDirection,-0.626412,0.703787,-0.335101
HandSphereCenter,2.559830,315.190000,101.567000
HandSphereRadius,63.007700
PalmNormal,-0.019379,-0.443824,-0.895904
PalmPosition,15.178300,274.160000,94.058200
PalmPositionRefined,15.297500,273.532000,94.070400
PalmVelocity,-1.878330,15.123100,-12.244500
RotationAngle,0.137263
RotationAxis,-0.937456,-0.139805,-0.318797
RotationMatrix,0.998860,-0.042389,0.021941,0.044854,0.990778,-0.127855,-0.016319,0.128694,0.991550
RotationProbability,0.004360
ScaleFactor,0.953079
ScaleProbability,0.000549
Translation,-5.160050,59.056700,10.767700
TranslationProbability,0.995090
