FingersNr,2.000000
FingertipsDistances,96.672800,96.496900,0.000000,0.000000,0.000000
FingertipsDistancesRefined,95.049600,97.406200,0.000000,0.000000,0.000000
FingertipsInterDistances,70.767100,0.000000,0.000000,0.000000
FingertipsPositions,-18.207400,45.200800,0.000000,0.000000,0.000000,231.194000,217.724000,0.000000,0.000000,0.000000,95.647400,67.258300,0.000000,0.000000,0.000000
HandDirection,-0.066112,0.907295,-0.415264
HandSphereCenter,6.816770,166.439000,103.451000
HandSphereRadius,57.359700
PalmNormal,-0.009643,-0.416736,-0.908976
PalmPosition,21.434600,151.435000,133.232000
PalmPositionRefined,17.296600,151.185000,132.695000
PalmVelocity,218.417000,-0.049108,25.846000
RotationAngle,0.165990
RotationAxis,-0.255418,-0.876479,0.408100
RotationMatrix,0.987152,0.070507,0.143387,-0.064353,0.996814,-0.047119,-0.146252,0.037286,0.988544
RotationProbability,0.012328
ScaleFactor,0.976485
ScaleProbability,0.000900
Translation,53.385500,6.273960,13.670100
TranslationProbability,0.986773
