FingersNr,2.000000
FingertipsDistances,109.610000,114.014000,0.000000,0.000000,0.000000
FingertipsDistancesRefined,110.155000,113.625000,0.000000,0.000000,0.000000
FingertipsInterDistances,72.585000,0.000000,0.000000,0.000000
FingertipsPositions,-84.965200,-16.973200,0.000000,0.000000,0.000000,286.294000,290.519000,0.000000,0.000000,0.000000,101.951000,76.895000,0.000000,0.000000,0.000000
HandDirection,-0.117467,0.833913,-0.539251
HandSphereCenter,-45.249900,228.583000,99.624600
HandSphereRadius,58.131700
PalmNormal,0.310825,-0.484853,-0.817499
PalmPosition,-34.073900,196.756000,139.466000
PalmPositionRefined,-32.517700,197.033000,139.579000
PalmVelocity,-38.494300,-6.168060,4.107240
RotationAngle,0.455397
RotationAxis,0.095702,0.762042,-0.640416
RotationMatrix,0.899020,-0.274235,-0.341407,0.289100,0.957268,-0.007645,0.328915,-0.091828,0.939884
RotationProbability,0.000111
ScaleFactor,0.987631
ScaleProbability,0.000000
Translation,-108.100000,15.106400,1.839160
TranslationProbability,0.999889
