FingersNr,2.000000
FingertipsDistances,108.710000,115.466000,0.000000,0.000000,0.000000
FingertipsDistancesRefined,108.891000,115.601000,0.000000,0.000000,0.000000
FingertipsInterDistances,70.709500,0.000000,0.000000,0.000000
FingertipsPositions,-39.633100,27.200900,0.000000,0.000000,0.000000,338.671000,342.450000,0.000000,0.000000,0.000000,88.713400,65.936700,0.000000,0.000000,0.000000
HandDirection,-0.110996,0.808242,-0.578294
HandSphereCenter,-4.225570,284.299000,94.048600
HandSphereRadius,54.558300
PalmNormal,0.187023,-0.554506,-0.810892
PalmPosition,5.111750,247.909000,128.438000
PalmPositionRefined,5.013160,247.406000,127.888000
PalmVelocity,-0.135569,2.335250,-9.838860
RotationAngle,0.114699
RotationAxis,0.169457,-0.885030,0.433597
RotationMatrix,0.993618,0.048639,0.101772,-0.050610,0.998576,0.016872,-0.100807,-0.021915,0.994665
RotationProbability,0.000002
ScaleFactor,0.975210
ScaleProbability,0.000000
Translation,107.149000,38.129000,-24.473700
TranslationProbability,0.999998
