FingersNr,2.000000
FingertipsDistances,91.851300,93.425600,0.000000,0.000000,0.000000
FingertipsDistancesRefined,90.458400,92.329300,0.000000,0.000000,0.000000
FingertipsInterDistances,70.778400,0.000000,0.000000,0.000000
FingertipsPositions,10.282500,74.301300,0.000000,0.000000,0.000000,229.783000,220.001000,0.000000,0.000000,0.000000,100.387000,71.829800,0.000000,0.000000,0.000000
HandDirection,-0.012793,0.904489,-0.426305
HandSphereCenter,51.019100,174.038000,112.764000
HandSphereRadius,56.850500
PalmNormal,-0.260996,-0.414581,-0.871782
PalmPosition,48.379100,151.614000,129.964000
PalmPositionRefined,48.872400,153.970000,131.143000
PalmVelocity,2.579380,-3.988290,-6.705150
RotationAngle,0.067963
RotationAxis,-0.926101,-0.024196,0.376499
RotationMatrix,0.999671,0.025620,0.000838,-0.025517,0.997693,-0.062914,-0.002448,0.062872,0.998019
RotationProbability,0.000195
ScaleFactor,0.972452
ScaleProbability,0.000009
Translation,-27.166500,-60.903000,0.336808
TranslationProbability,0.999796
