FingersNr,2.000000
FingertipsDistances,98.891500,101.624000,0.000000,0.000000,0.000000
FingertipsDistancesRefined,99.134200,101.340000,0.000000,0.000000,0.000000
FingertipsInterDistances,67.648200,0.000000,0.000000,0.000000
FingertipsPositions,-52.403500,10.639500,0.000000,0.000000,0.000000,234.011000,226.559000,0.000000,0.000000,0.000000,92.226400,68.852800,0.000000,0.000000,0.000000
HandDirection,0.016331,0.922216,-0.386330
HandSphereCenter,-8.113080,169.534000,102.141000
HandSphereRadius,58.728500
PalmNormal,0.003334,-0.386429,-0.922313
PalmPosition,-16.832400,149.374000,128.980000
PalmPositionRefined,-16.005400,149.421000,128.932000
PalmVelocity,-136.679000,-8.667710,10.488900
RotationAngle,0.200531
RotationAxis,-0.217893,0.931435,-0.291466
RotationMatrix,0.980912,-0.062124,-0.184259,0.053990,0.997346,-0.048842,0.186805,0.037962,0.981663
RotationProbability,0.000759
ScaleFactor,0.956631
ScaleProbability,0.000012
Translation,-62.582600,3.424530,-5.722310
TranslationProbability,0.999229
