FingersNr,2.000000
FingertipsDistances,95.979300,108.767000,0.000000,0.000000,0.000000
FingertipsDistancesRefined,98.056900,106.921000,0.000000,0.000000,0.000000
FingertipsInterDistances,55.126700,0.000000,0.000000,0.000000
FingertipsPositions,-66.147700,-16.259800,0.000000,0.000000,0.000000,285.635000,302.609000,0.000000,0.000000,0.000000,36.076100,19.888800,0.000000,0.000000,0.000000
HandDirection,-0.128478,0.569688,-0.811756
HandSphereCenter,-21.102900,262.579000,76.603300
HandSphereRadius,59.667100
PalmNormal,0.223716,-0.780792,-0.583366
PalmPosition,-22.148800,216.959000,86.669600
PalmPositionRefined,-14.868900,218.878000,86.366100
PalmVelocity,-25.604400,-18.666600,18.214200
RotationAngle,0.203655
RotationAxis,0.113688,0.318523,-0.941073
RotationMatrix,0.979601,-0.189584,-0.066632,0.191080,0.981431,0.016799,0.062210,-0.029188,0.997636
RotationProbability,0.003014
ScaleFactor,0.701812
ScaleProbability,0.001127
Translation,-50.804100,-9.053430,-2.714450
TranslationProbability,0.995860
