FingersNr,2.000000
FingertipsDistances,97.423600,108.096000,0.000000,0.000000,0.000000
FingertipsDistancesRefined,98.784000,106.513000,0.000000,0.000000,0.000000
FingertipsInterDistances,53.636800,0.000000,0.000000,0.000000
FingertipsPositions,-71.996100,-22.976300,0.000000,0.000000,0.000000,283.651000,298.595000,0.000000,0.000000,0.000000,33.474400,17.642800,0.000000,0.000000,0.000000
HandDirection,-0.149966,0.572171,-0.806307
HandSphereCenter,-31.354000,257.335000,72.547300
HandSphereRadius,58.947700
PalmNormal,0.281993,-0.756901,-0.589560
PalmPosition,-27.208100,214.042000,84.856000
PalmPositionRefined,-21.549100,216.690000,85.720700
PalmVelocity,-13.342100,4.283280,-5.169850
RotationAngle,0.056804
RotationAxis,0.007836,0.277783,-0.960612
RotationMatrix,0.998387,-0.054532,-0.015782,0.054539,0.998512,0.000014,0.015758,-0.000875,0.999875
RotationProbability,0.134360
ScaleFactor,0.886418
ScaleProbability,0.467021
Translation,-7.871100,-2.848290,-2.667580
TranslationProbability,0.398620
