FingersNr,2.000000
FingertipsDistances,99.378900,107.589000,0.000000,0.000000,0.000000
FingertipsDistancesRefined,100.541000,107.651000,0.000000,0.000000,0.000000
FingertipsInterDistances,53.306400,0.000000,0.000000,0.000000
FingertipsPositions,-128.741000,-82.931400,0.000000,0.000000,0.000000,272.886000,288.950000,0.000000,0.000000,0.000000,50.990900,28.968200,0.000000,0.000000,0.000000
HandDirection,-0.337823,0.633989,-0.695653
HandSphereCenter,-89.497200,266.766000,122.405000
HandSphereRadius,82.898500
PalmNormal,0.426405,-0.555815,-0.713617
PalmPosition,-70.303400,209.420000,100.320000
PalmPositionRefined,-68.354200,207.873000,98.270200
PalmVelocity,-4.765760,5.497010,-0.200793
RotationAngle,0.235955
RotationAxis,-0.453830,-0.262927,-0.851415
RotationMatrix,0.977998,-0.195730,0.072171,0.202343,0.974207,-0.099890,-0.050758,0.112295,0.992378
RotationProbability,0.280482
ScaleFactor,0.930758
ScaleProbability,0.334496
Translation,-58.257900,-10.317000,14.297100
TranslationProbability,0.385022
