FingersNr,2.000000
FingertipsDistances,100.425000,107.323000,0.000000,0.000000,0.000000
FingertipsDistancesRefined,98.471400,112.060000,0.000000,0.000000,0.000000
FingertipsInterDistances,53.908800,0.000000,0.000000,0.000000
FingertipsPositions,-95.199800,-46.400900,0.000000,0.000000,0.000000,284.229000,299.453000,0.000000,0.000000,0.000000,46.593400,29.474300,0.000000,0.000000,0.000000
HandDirection,-0.262336,0.607442,-0.749796
HandSphereCenter,-54.695700,252.148000,87.179200
HandSphereRadius,58.681100
PalmNormal,0.365120,-0.656758,-0.659815
PalmPosition,-41.264800,215.652000,96.327100
PalmPositionRefined,-53.873100,211.216000,98.147000
PalmVelocity,59.955500,47.191800,21.309300
RotationAngle,0.098394
RotationAxis,0.506579,0.345409,0.789981
RotationMatrix,0.996404,0.078450,-0.031996,-0.076758,0.995740,0.051084,0.035867,-0.048444,0.998182
RotationProbability,0.056369
ScaleFactor,0.937789
ScaleProbability,0.036936
Translation,35.447300,11.771200,-1.766810
TranslationProbability,0.906695
