FingersNr,2.000000
FingertipsDistances,96.874800,104.729000,0.000000,0.000000,0.000000
FingertipsDistancesRefined,102.099000,106.359000,0.000000,0.000000,0.000000
FingertipsInterDistances,53.669800,0.000000,0.000000,0.000000
FingertipsPositions,-27.536200,24.113600,0.000000,0.000000,0.000000,294.370000,306.259000,0.000000,0.000000,0.000000,26.288400,17.838900,0.000000,0.000000,0.000000
HandDirection,-0.135006,0.619820,-0.773043
HandSphereCenter,17.889800,260.134000,64.369800
HandSphereRadius,54.507000
PalmNormal,-0.084844,-0.784552,-0.614231
PalmPosition,10.128300,226.394000,84.127400
PalmPositionRefined,17.580900,222.573000,83.154200
PalmVelocity,-32.860000,-5.786680,-17.845400
RotationAngle,0.073876
RotationAxis,0.068671,-0.444048,0.893368
RotationMatrix,0.997285,0.065856,0.032942,-0.066022,0.997810,0.003987,-0.032608,-0.006151,0.999449
RotationProbability,0.160124
ScaleFactor,0.680470
ScaleProbability,0.267282
Translation,6.049170,5.300240,0.443456
TranslationProbability,0.572594
