FingersNr,2.000000
FingertipsDistances,98.519500,107.249000,0.000000,0.000000,0.000000
FingertipsDistancesRefined,100.688000,106.702000,0.000000,0.000000,0.000000
FingertipsInterDistances,54.410100,0.000000,0.000000,0.000000
FingertipsPositions,-83.979100,-34.386600,0.000000,0.000000,0.000000,283.398000,300.394000,0.000000,0.000000,0.000000,30.565100,15.998400,0.000000,0.000000,0.000000
HandDirection,-0.170780,0.546865,-0.819617
HandSphereCenter,-36.577700,262.387000,73.812800
HandSphereRadius,58.705600
PalmNormal,0.260675,-0.777122,-0.572827
PalmPosition,-33.937800,219.310000,86.194600
PalmPositionRefined,-28.717000,219.786000,85.679300
PalmVelocity,3.367310,-29.610500,10.439700
RotationAngle,0.266346
RotationAxis,0.085586,0.390513,-0.916610
RotationMatrix,0.964997,-0.240081,-0.105552,0.242438,0.970116,0.009905,0.100020,-0.035149,0.994364
RotationProbability,0.006244
ScaleFactor,0.861836
ScaleProbability,0.000718
Translation,-55.918500,-8.027640,0.870694
TranslationProbability,0.993038
