FingersNr,2.000000
FingertipsDistances,81.444100,104.693000,0.000000,0.000000,0.000000
FingertipsDistancesRefined,81.252200,98.472600,0.000000,0.000000,0.000000
FingertipsInterDistances,104.266000,0.000000,0.000000,0.000000
FingertipsPositions,-59.029100,5.772790,0.000000,0.000000,0.000000,237.253000,305.387000,0.000000,0.000000,0.000000,68.346300,23.293300,0.000000,0.000000,0.000000
HandDirection,-0.624534,0.614676,-0.481800
HandSphereCenter,9.172160,252.411000,68.288500
HandSphereRadius,56.193600
PalmNormal,-0.025858,-0.632839,-0.773852
PalmPosition,19.347500,219.311000,81.321400
PalmPositionRefined,20.651600,225.900000,79.483100
PalmVelocity,-1.032390,-25.228400,5.086120
RotationAngle,0.111899
RotationAxis,0.345247,-0.672440,-0.654698
RotationMatrix,0.994491,-0.074559,0.073675,0.071655,0.996574,0.041306,-0.076502,-0.035799,0.996427
RotationProbability,0.400668
ScaleFactor,1.030260
ScaleProbability,0.256722
Translation,-6.274950,1.497790,-1.071210
TranslationProbability,0.342611
