FingersNr,2.000000
FingertipsDistances,82.606900,106.642000,0.000000,0.000000,0.000000
FingertipsDistancesRefined,83.400600,105.756000,0.000000,0.000000,0.000000
FingertipsInterDistances,100.850000,0.000000,0.000000,0.000000
FingertipsPositions,-65.314800,1.214320,0.000000,0.000000,0.000000,243.025000,310.460000,0.000000,0.000000,0.000000,84.545200,49.946700,0.000000,0.000000,0.000000
HandDirection,-0.519431,0.680165,-0.517270
HandSphereCenter,2.179970,256.788000,94.407200
HandSphereRadius,55.956200
PalmNormal,-0.006204,-0.608325,-0.793664
PalmPosition,11.169400,220.142000,105.769000
PalmPositionRefined,11.765500,224.229000,110.255000
PalmVelocity,4.166830,-31.400100,7.993190
RotationAngle,0.000000
RotationAxis,0.000000,0.000000,0.000000
RotationMatrix,1.000000,0.000000,0.000000,0.000000,1.000000,0.000000,0.000000,0.000000,1.000000
RotationProbability,0.000000
ScaleFactor,1.000000
ScaleProbability,0.000000
Translation,0.000000,0.000000,0.000000
TranslationProbability,0.000000
