FingersNr,2.000000
FingertipsDistances,82.450900,102.739000,0.000000,0.000000,0.000000
FingertipsDistancesRefined,83.113200,102.941000,0.000000,0.000000,0.000000
FingertipsInterDistances,103.128000,0.000000,0.000000,0.000000
FingertipsPositions,-60.007700,6.110490,0.000000,0.000000,0.000000,234.532000,305.411000,0.000000,0.000000,0.000000,74.004500,38.792800,0.000000,0.000000,0.000000
HandDirection,-0.513573,0.684206,-0.517788
HandSphereCenter,8.891890,250.917000,81.804200
HandSphereRadius,56.639000
PalmNormal,0.004236,-0.601421,-0.798921
PalmPosition,18.879500,218.173000,91.535400
PalmPositionRefined,19.495100,218.313000,92.005500
PalmVelocity,9.535000,2.627190,0.155621
RotationAngle,0.152805
RotationAxis,0.278758,-0.647447,-0.709300
RotationMatrix,0.989253,-0.110066,0.096245,0.105860,0.993232,0.047781,-0.100853,-0.037079,0.994210
RotationProbability,0.028296
ScaleFactor,1.038180
ScaleProbability,0.003587
Translation,-45.815300,-13.156300,-18.608400
TranslationProbability,0.968118
