FingersNr,2.000000
FingertipsDistances,82.655400,100.516000,0.000000,0.000000,0.000000
FingertipsDistancesRefined,82.473600,100.835000,0.000000,0.000000,0.000000
FingertipsInterDistances,100.849000,0.000000,0.000000,0.000000
FingertipsPositions,-62.055300,5.089540,0.000000,0.000000,0.000000,264.660000,333.641000,0.000000,0.000000,0.000000,77.325000,47.262500,0.000000,0.000000,0.000000
HandDirection,-0.574811,0.687640,-0.443558
HandSphereCenter,5.463450,281.271000,89.213800
HandSphereRadius,58.945800
PalmNormal,-0.005152,-0.545087,-0.838364
PalmPosition,16.645500,244.938000,93.109300
PalmPositionRefined,16.372500,244.401000,92.835100
PalmVelocity,-3.027890,0.732100,2.551380
RotationAngle,0.104590
RotationAxis,0.236206,0.409319,0.881286
RotationMatrix,0.994840,0.092534,-0.041595,-0.091477,0.995451,0.026631,0.043870,-0.022688,0.998780
RotationProbability,0.097342
ScaleFactor,1.024670
ScaleProbability,0.022677
Translation,0.671184,-30.584600,-1.882150
TranslationProbability,0.879981
