FingersNr,1.000000
FingertipsDistances,83.321500,0.000000,0.000000,0.000000,0.000000
FingertipsDistancesRefined,87.062300,0.000000,0.000000,0.000000,0.000000
FingertipsInterDistances,0.000000,0.000000,0.000000,0.000000
FingertipsPositions,-106.966000,0.000000,0.000000,0.000000,0.000000,252.277000,0.000000,0.000000,0.000000,0.000000,70.860400,0.000000,0.000000,0.000000,0.000000
HandDirection,-0.678517,0.633314,-0.372194
HandSphereCenter,-33.559900,287.263000,82.398200
HandSphereRadius,66.323100
PalmNormal,-0.030304,-0.530373,-0.847222
PalmPosition,-25.066800,239.818000,79.791500
PalmPositionRefined,-21.239300,241.175000,81.230600
PalmVelocity,-12.567300,-13.143700,-5.479010
RotationAngle,0.030428
RotationAxis,0.175867,-0.378191,-0.908869
RotationMatrix,0.999551,-0.027680,0.011431,0.027619,0.999603,0.005509,-0.011579,-0.005191,0.999919
RotationProbability,0.005224
ScaleFactor,1.144610
ScaleProbability,0.016182
Translation,-47.789500,-0.667366,-8.381970
TranslationProbability,0.978594
