FingersNr,3.000000
FingertipsDistances,82.270600,102.299000,132.115000,0.000000,0.000000
FingertipsDistancesRefined,80.035600,99.818900,133.807000,0.000000,0.000000
FingertipsInterDistances,103.510000,230.818000,0.000000,0.000000
FingertipsPositions,-95.303600,-30.310200,-16.081700,0.000000,0.000000,238.965000,310.588000,135.638000,0.000000,0.000000,65.634400,28.750100,178.641000,0.000000,0.000000
HandDirection,-0.749598,0.530717,-0.395528
HandSphereCenter,-22.556100,271.015000,88.473300
HandSphereRadius,70.995900
PalmNormal,0.011329,-0.587196,-0.809366
PalmPosition,-15.805200,222.952000,79.492100
PalmPositionRefined,-17.637200,225.672000,79.667300
PalmVelocity,-2.581940,16.280200,-15.089500
RotationAngle,0.192481
RotationAxis,0.097723,-0.525084,-0.845421
RotationMatrix,0.981709,-0.162672,0.098920,0.160776,0.986624,0.026892,-0.101971,-0.010496,0.994732
RotationProbability,0.161713
ScaleFactor,0.906642
ScaleProbability,0.034526
Translation,0.216797,-18.642800,-19.079700
TranslationProbability,0.803761
