FingersNr,2.000000
FingertipsDistances,83.376900,103.444000,0.000000,0.000000,0.000000
FingertipsDistancesRefined,79.418900,100.973000,0.000000,0.000000,0.000000
FingertipsInterDistances,103.649000,0.000000,0.000000,0.000000
FingertipsPositions,-89.273300,-23.343800,0.000000,0.000000,0.000000,240.953000,311.863000,0.000000,0.000000,0.000000,70.821200,33.831200,0.000000,0.000000,0.000000
HandDirection,-0.581435,0.586601,-0.563767
HandSphereCenter,-17.402600,268.345000,85.477200
HandSphereRadius,65.742800
PalmNormal,0.047291,-0.667396,-0.743200
PalmPosition,-9.172490,224.032000,86.608400
PalmPositionRefined,-12.588900,224.531000,83.358600
PalmVelocity,3.501380,-5.533990,7.608230
RotationAngle,0.194142
RotationAxis,0.298512,0.693874,0.655309
RotationMatrix,0.982888,0.130316,-0.130190,-0.122534,0.990259,0.066132,0.137540,-0.049048,0.989281
RotationProbability,0.387875
ScaleFactor,0.975737
ScaleProbability,0.286907
Translation,6.840410,1.156670,4.782600
TranslationProbability,0.325218
