FingersNr,3.000000
FingertipsDistances,79.847300,106.023000,75.832500,0.000000,0.000000
FingertipsDistancesRefined,78.287400,103.472000,78.626000,0.000000,0.000000
FingertipsInterDistances,104.348000,173.673000,0.000000,0.000000
FingertipsPositions,-50.525300,17.883100,64.704200,0.000000,0.000000,231.838000,302.837000,148.432000,0.000000,0.000000,66.652100,32.475700,96.734700,0.000000,0.000000
HandDirection,-0.488076,0.685939,-0.539694
HandSphereCenter,14.399900,248.147000,75.347800
HandSphereRadius,56.623600
PalmNormal,0.010198,-0.613823,-0.789378
PalmPosition,24.208800,211.684000,86.253300
PalmPositionRefined,23.322800,214.408000,85.927500
PalmVelocity,-5.077680,9.830900,-3.559750
RotationAngle,0.105698
RotationAxis,-0.624389,0.244767,0.741773
RotationMatrix,0.996595,0.077405,-0.028408,-0.079110,0.994754,-0.064860,0.023238,0.066887,0.997490
RotationProbability,0.021376
ScaleFactor,1.002730
ScaleProbability,0.002085
Translation,39.081700,-8.546110,-2.865500
TranslationProbability,0.976539
