FingersNr,2.000000
FingertipsDistances,105.624000,109.488000,0.000000,0.000000,0.000000
FingertipsDistancesRefined,103.071000,113.698000,0.000000,0.000000,0.000000
FingertipsInterDistances,53.433600,0.000000,0.000000,0.000000
FingertipsPositions,-16.292900,33.795100,0.000000,0.000000,0.000000,226.726000,228.283000,0.000000,0.000000,0.000000,33.748500,15.203700,0.000000,0.000000,0.000000
HandDirection,-0.166670,0.815105,-0.554820
HandSphereCenter,10.003000,173.729000,60.221100
HandSphereRadius,61.327500
PalmNormal,0.130237,-0.539562,-0.831812
PalmPosition,24.202700,141.609000,81.408900
PalmPositionRefined,11.904300,143.796000,88.073200
PalmVelocity,126.639000,-42.767600,-45.794800
RotationAngle,0.024145
RotationAxis,0.305233,-0.900939,0.308451
RotationMatrix,0.999736,0.007367,0.021780,-0.007527,0.999945,0.007289,-0.021725,-0.007451,0.999736
RotationProbability,0.018060
ScaleFactor,0.995648
ScaleProbability,0.003940
Translation,27.855400,-5.377060,-14.502700
TranslationProbability,0.978000
