FingersNr,2.000000
FingertipsDistances,111.491000,115.303000,0.000000,0.000000,0.000000
FingertipsDistancesRefined,106.454000,111.671000,0.000000,0.000000,0.000000
FingertipsInterDistances,68.326400,0.000000,0.000000,0.000000
FingertipsPositions,-36.690300,28.619200,0.000000,0.000000,0.000000,286.891000,287.684000,0.000000,0.000000,0.000000,78.224200,58.160800,0.000000,0.000000,0.000000
HandDirection,-0.022235,0.806082,-0.591386
HandSphereCenter,-2.676270,240.803000,117.037000
HandSphereRadius,69.235400
PalmNormal,0.147781,-0.582384,-0.799369
PalmPosition,4.329900,189.259000,113.091000
PalmPositionRefined,1.841250,193.569000,111.972000
PalmVelocity,2.353310,6.711330,-2.228560
RotationAngle,0.044432
RotationAxis,0.882532,0.329701,0.335314
RotationMatrix,0.999782,0.015181,-0.014353,-0.014607,0.999120,0.039309,0.014937,-0.039091,0.999124
RotationProbability,0.047928
ScaleFactor,0.886525
ScaleProbability,0.583833
Translation,3.198620,-10.430500,-2.871710
TranslationProbability,0.368238
