FingersNr,2.000000
FingertipsDistances,108.882000,113.048000,0.000000,0.000000,0.000000
FingertipsDistancesRefined,109.026000,114.377000,0.000000,0.000000,0.000000
FingertipsInterDistances,52.219800,0.000000,0.000000,0.000000
FingertipsPositions,-8.164220,39.370700,0.000000,0.000000,0.000000,259.903000,262.844000,0.000000,0.000000,0.000000,80.466700,59.049700,0.000000,0.000000,0.000000
HandDirection,-0.107497,0.885016,-0.452979
HandSphereCenter,19.724600,198.145000,85.625700
HandSphereRadius,59.415100
PalmNormal,0.017320,-0.453883,-0.890893
PalmPosition,30.551300,162.821000,110.986000
PalmPositionRefined,28.124900,161.989000,111.812000
PalmVelocity,7.049260,-1.904620,3.129130
RotationAngle,0.224655
RotationAxis,-0.920694,-0.333485,0.202754
RotationMatrix,0.996172,0.052883,0.069600,-0.037452,0.977666,-0.206803,-0.078982,0.203404,0.975904
RotationProbability,0.247001
ScaleFactor,0.870251
ScaleProbability,0.258545
Translation,44.155000,-2.548820,-8.578840
TranslationProbability,0.494453
