FingersNr,1.000000
FingertipsDistances,123.686000,0.000000,0.000000,0.000000,0.000000
FingertipsDistancesRefined,125.717000,0.000000,0.000000,0.000000,0.000000
FingertipsInterDistances,0.000000,0.000000,0.000000,0.000000
FingertipsPositions,49.792300,0.000000,0.000000,0.000000,0.000000,266.402000,0.000000,0.000000,0.000000,0.000000,49.937200,0.000000,0.000000,0.000000,0.000000
HandDirection,0.198429,0.589175,-0.783261
HandSphereCenter,20.291700,200.107000,58.329400
HandSphereRadius,64.548500
PalmNormal,0.207095,-0.806313,-0.554050
PalmPosition,28.662400,156.595000,102.797000
PalmPositionRefined,28.542000,155.410000,105.019000
PalmVelocity,-29.977000,164.264000,-39.827700
RotationAngle,0.124485
RotationAxis,0.804653,-0.019053,0.593440
RotationMatrix,0.997272,0.073565,0.006061,-0.073802,0.992265,0.099821,0.001329,-0.099996,0.994987
RotationProbability,0.012259
ScaleFactor,1.061280
ScaleProbability,0.000224
Translation,-12.892100,-3.433170,-33.103500
TranslationProbability,0.987517
