FingersNr,2.000000
FingertipsDistances,107.740000,111.532000,0.000000,0.000000,0.000000
FingertipsDistancesRefined,106.945000,109.380000,0.000000,0.000000,0.000000
FingertipsInterDistances,54.066700,0.000000,0.000000,0.000000
FingertipsPositions,-17.522600,33.343900,0.000000,0.000000,0.000000,246.997000,248.813000,0.000000,0.000000,0.000000,51.744800,33.509900,0.000000,0.000000,0.000000
HandDirection,-0.080586,0.849214,-0.521864
HandSphereCenter,10.879700,183.977000,52.929700
HandSphereRadius,61.037400
PalmNormal,0.105270,-0.513387,-0.851676
PalmPosition,21.150700,155.356000,93.147200
PalmPositionRefined,25.029600,159.436000,96.012400
PalmVelocity,-5.539820,-0.294481,-1.340610
RotationAngle,0.429070
RotationAxis,-0.797240,-0.562398,-0.219353
RotationMatrix,0.966968,-0.050613,0.249824,0.131900,0.938024,-0.320490,-0.218120,0.342855,0.913715
RotationProbability,0.112779
ScaleFactor,0.973217
ScaleProbability,0.014067
Translation,-16.018700,-16.452800,-14.099600
TranslationProbability,0.873154
