FingersNr,2.000000
FingertipsDistances,107.838000,112.363000,0.000000,0.000000,0.000000
FingertipsDistancesRefined,105.998000,109.357000,0.000000,0.000000,0.000000
FingertipsInterDistances,53.589100,0.000000,0.000000,0.000000
FingertipsPositions,-18.396200,31.930600,0.000000,0.000000,0.000000,243.967000,246.418000,0.000000,0.000000,0.000000,49.970800,31.722700,0.000000,0.000000,0.000000
HandDirection,-0.100873,0.834159,-0.542220
HandSphereCenter,9.032160,181.237000,51.552100
HandSphereRadius,60.821000
PalmNormal,0.124723,-0.530098,-0.838713
PalmPosition,20.197100,152.822000,92.774500
PalmPositionRefined,23.493100,157.652000,95.033000
PalmVelocity,0.041370,-10.169100,1.389420
RotationAngle,0.030498
RotationAxis,0.499318,0.016971,-0.866253
RotationMatrix,0.999651,-0.026409,-0.000719,0.026417,0.999535,0.015218,0.000316,-0.015232,0.999884
RotationProbability,0.322793
ScaleFactor,0.988142
ScaleProbability,0.251437
Translation,-1.596550,-3.307650,-2.071890
TranslationProbability,0.425771
