FingersNr,2.000000
FingertipsDistances,107.597000,111.692000,0.000000,0.000000,0.000000
FingertipsDistancesRefined,107.101000,109.674000,0.000000,0.000000,0.000000
FingertipsInterDistances,53.697900,0.000000,0.000000,0.000000
FingertipsPositions,-44.354200,4.364120,0.000000,0.000000,0.000000,230.625000,234.516000,0.000000,0.000000,0.000000,50.137900,27.892800,0.000000,0.000000,0.000000
HandDirection,-0.152386,0.814252,-0.560153
HandSphereCenter,-7.633710,174.483000,62.740100
HandSphereRadius,59.138200
PalmNormal,0.199962,-0.529650,-0.824310
PalmPosition,2.373830,143.504000,92.607500
PalmPositionRefined,5.970830,146.549000,93.370700
PalmVelocity,9.385580,7.456200,-2.925970
RotationAngle,0.062438
RotationAxis,0.149943,0.099604,-0.983665
RotationMatrix,0.998095,-0.061348,-0.006502,0.061406,0.998071,0.009165,0.005927,-0.009547,0.999937
RotationProbability,0.024091
ScaleFactor,0.998982
ScaleProbability,0.003233
Translation,-25.488800,-12.137300,-1.857350
TranslationProbability,0.972676
