FingersNr,1.000000
FingertipsDistances,126.641000,0.000000,0.000000,0.000000,0.000000
FingertipsDistancesRefined,128.340000,0.000000,0.000000,0.000000,0.000000
FingertipsInterDistances,0.000000,0.000000,0.000000,0.000000
FingertipsPositions,9.521100,0.000000,0.000000,0.000000,0.000000,378.525000,0.000000,0.000000,0.000000,0.000000,94.631600,0.000000,0.000000,0.000000,0.000000
HandDirection,-0.004018,0.844159,-0.536079
HandSphereCenter,5.595840,322.197000,152.767000
HandSphereRadius,79.246600
PalmNormal,-0.076701,-0.534764,-0.841513
PalmPosition,2.268790,255.350000,123.146000
PalmPositionRefined,5.805650,253.436000,123.096000
PalmVelocity,-2.117560,-10.194700,17.030800
RotationAngle,0.005167
RotationAxis,-0.481986,-0.830344,-0.279675
RotationMatrix,0.999990,-0.001440,0.004294,0.001451,0.999996,-0.002489,-0.004291,0.002495,0.999988
RotationProbability,0.178632
ScaleFactor,1.000000
ScaleProbability,0.117873
Translation,-13.878900,10.269200,7.043690
TranslationProbability,0.703496
