FingersNr,2.000000
FingertipsDistances,115.548000,122.046000,0.000000,0.000000,0.000000
FingertipsDistancesRefined,115.775000,122.316000,0.000000,0.000000,0.000000
FingertipsInterDistances,51.663200,0.000000,0.000000,0.000000
FingertipsPositions,-39.072800,7.120100,0.000000,0.000000,0.000000,313.627000,320.275000,0.000000,0.000000,0.000000,91.754400,69.593800,0.000000,0.000000,0.000000
HandDirection,-0.113019,0.759845,-0.640205
HandSphereCenter,-7.560470,262.034000,110.659000
HandSphereRadius,60.912900
PalmNormal,0.059564,-0.637993,-0.767735
PalmPosition,-0.390694,207.276000,115.091000
PalmPositionRefined,-0.912717,206.633000,114.114000
PalmVelocity,4.979570,3.098310,18.085400
RotationAngle,0.000000
RotationAxis,0.000000,0.000000,0.000000
RotationMatrix,1.000000,0.000000,0.000000,0.000000,1.000000,0.000000,0.000000,0.000000,1.000000
RotationProbability,0.000000
ScaleFactor,1.000000
ScaleProbability,0.000000
Translation,0.000000,0.000000,0.000000
TranslationProbability,0.000000
