FingersNr,1.000000
FingertipsDistances,126.238000,0.000000,0.000000,0.000000,0.000000
FingertipsDistancesRefined,124.992000,0.000000,0.000000,0.000000,0.000000
FingertipsInterDistances,0.000000,0.000000,0.000000,0.000000
FingertipsPositions,8.015340,0.000000,0.000000,0.000000,0.000000,384.337000,0.000000,0.000000,0.000000,0.000000,120.101000,0.000000,0.000000,0.000000,0.000000
HandDirection,-0.036379,0.846386,-0.531325
HandSphereCenter,-0.021754,317.948000,135.079000
HandSphereRadius,60.960000
PalmNormal,-0.067648,-0.532543,-0.843695
PalmPosition,5.578880,263.122000,155.271000
PalmPositionRefined,4.843340,264.109000,154.133000
PalmVelocity,-4.417590,33.016700,-15.898000
RotationAngle,0.058286
RotationAxis,-0.193022,-0.635975,0.747180
RotationMatrix,0.998365,0.043734,0.036802,-0.043317,0.998989,-0.012051,-0.037292,0.010437,0.999250
RotationProbability,0.297294
ScaleFactor,0.849728
ScaleProbability,0.223219
Translation,4.518920,-19.034500,-6.006010
TranslationProbability,0.479487
