FingersNr,0.000000
FingertipsDistances,0.000000,0.000000,0.000000,0.000000,0.000000
FingertipsDistancesRefined,0.000000,0.000000,0.000000,0.000000,0.000000
FingertipsInterDistances,0.000000,0.000000,0.000000,0.000000
FingertipsPositions,0.000000,0.000000,0.000000,0.000000,0.000000,0.000000,0.000000,0.000000,0.000000,0.000000,0.000000,0.000000,0.000000,0.000000,0.000000
HandDirection,-0.135862,0.857017,-0.497055
HandSphereCenter,-4.157140,251.087000,59.361400
HandSphereRadius,83.087900
PalmNormal,-0.148189,-0.513641,-0.845111
PalmPosition,8.251580,266.214000,115.582000
PalmPositionRefined,8.328250,266.069000,115.810000
PalmVelocity,-25.067200,51.202200,-73.883700
RotationAngle,0.102240
RotationAxis,0.293905,-0.519767,-0.802161
RotationMatrix,0.995229,-0.082668,0.051818,0.081073,0.996189,0.032174,-0.054280,-0.027819,0.998138
RotationProbability,0.000013
ScaleFactor,0.775140
ScaleProbability,0.000054
Translation,-3.393380,-17.436200,-95.636900
TranslationProbability,0.999933
