FingersNr,2.000000
FingertipsDistances,86.783000,113.380000,0.000000,0.000000,0.000000
FingertipsDistancesRefined,88.134700,115.029000,0.000000,0.000000,0.000000
FingertipsInterDistances,114.831000,0.000000,0.000000,0.000000
FingertipsPositions,-56.130100,-7.919010,0.000000,0.000000,0.000000,209.600000,287.164000,0.000000,0.000000,0.000000,130.900000,61.288500,0.000000,0.000000,0.000000
HandDirection,-0.656278,0.524482,-0.542418
HandSphereCenter,14.025600,228.292000,113.359000
HandSphereRadius,59.554600
PalmNormal,0.017612,-0.708048,-0.705945
PalmPosition,29.890800,215.598000,140.684000
PalmPositionRefined,31.304000,214.123000,141.027000
PalmVelocity,5.450060,-6.654730,-3.003330
RotationAngle,0.312482
RotationAxis,-0.905541,0.203486,-0.372276
RotationMatrix,0.991283,-0.123369,-0.046231,0.105522,0.953579,-0.282051,0.078881,0.274714,0.958285
RotationProbability,0.204241
ScaleFactor,1.071680
ScaleProbability,0.007998
Translation,-26.399000,40.226500,-10.176700
TranslationProbability,0.787761
