FingersNr,3.000000
FingertipsDistances,89.873200,113.014000,53.868400,0.000000,0.000000
FingertipsDistancesRefined,91.213100,114.957000,54.141700,0.000000,0.000000
FingertipsInterDistances,114.315000,69.093300,0.000000,0.000000
FingertipsPositions,-80.792400,-32.306600,3.090290,0.000000,0.000000,224.021000,309.506000,254.207000,0.000000,0.000000,125.286000,66.895900,88.412800,0.000000,0.000000
HandDirection,-0.619852,0.620643,-0.480192
HandSphereCenter,-8.947100,247.771000,113.918000
HandSphereRadius,60.581200
PalmNormal,-0.000739,-0.612391,-0.790555
PalmPosition,8.204390,230.023000,136.275000
PalmPositionRefined,9.909710,226.703000,134.547000
PalmVelocity,6.581740,-10.066000,7.619880
RotationAngle,0.131112
RotationAxis,-0.942278,-0.247985,-0.224979
RotationMatrix,0.999038,-0.027407,0.034240,0.031419,0.991945,-0.122711,-0.030601,0.123669,0.991852
RotationProbability,0.347261
ScaleFactor,0.988119
ScaleProbability,0.154499
Translation,-23.672700,18.253600,-1.183710
TranslationProbability,0.498240
