FingersNr,3.000000
FingertipsDistances,90.376400,112.656000,52.140300,0.000000,0.000000
FingertipsDistancesRefined,94.063000,112.296000,50.787200,0.000000,0.000000
FingertipsInterDistances,115.172000,70.413600,0.000000,0.000000
FingertipsPositions,-70.447900,-16.963200,14.729600,0.000000,0.000000,243.076000,329.017000,270.061000,0.000000,0.000000,99.716600,44.779300,66.639200,0.000000,0.000000
HandDirection,-0.511876,0.675926,-0.530195
HandSphereCenter,5.135740,262.448000,84.647600
HandSphereRadius,60.037200
PalmNormal,-0.015100,-0.624165,-0.781147
PalmPosition,18.826400,247.009000,113.227000
PalmPositionRefined,22.716300,248.040000,111.702000
PalmVelocity,-44.368800,-35.265600,30.215800
RotationAngle,0.034615
RotationAxis,0.042359,-0.994824,0.092361
RotationMatrix,0.999402,0.003171,0.034429,-0.003221,0.999994,0.001411,-0.034424,-0.001521,0.999406
RotationProbability,0.005220
ScaleFactor,0.993341
ScaleProbability,0.001096
Translation,-62.211400,-6.720420,18.333800
TranslationProbability,0.993683
