FingersNr,2.000000
FingertipsDistances,85.526600,111.188000,0.000000,0.000000,0.000000
FingertipsDistancesRefined,80.877600,109.727000,0.000000,0.000000,0.000000
FingertipsInterDistances,114.520000,0.000000,0.000000,0.000000
FingertipsPositions,-5.553530,59.250200,0.000000,0.000000,0.000000,237.252000,314.697000,0.000000,0.000000,0.000000,139.419000,85.404600,0.000000,0.000000,0.000000
HandDirection,-0.560969,0.607314,-0.562569
HandSphereCenter,64.771700,241.255000,124.177000
HandSphereRadius,62.994800
PalmNormal,0.016155,-0.671404,-0.740915
PalmPosition,77.127800,235.348000,161.213000
PalmPositionRefined,72.459600,235.997000,160.716000
PalmVelocity,5.460450,-4.531350,-11.624200
RotationAngle,0.051343
RotationAxis,-0.487866,0.742527,-0.458955
RotationMatrix,0.998996,-0.024032,-0.037812,0.023077,0.999409,-0.025487,0.038403,0.024589,0.998960
RotationProbability,0.019469
ScaleFactor,0.994071
ScaleProbability,0.004143
Translation,51.362300,0.638424,-2.584630
TranslationProbability,0.976388
