FingersNr,1.000000
FingertipsDistances,63.297000,0.000000,0.000000,0.000000,0.000000
FingertipsDistancesRefined,65.649300,0.000000,0.000000,0.000000,0.000000
FingertipsInterDistances,0.000000,0.000000,0.000000,0.000000
FingertipsPositions,125.075000,0.000000,0.000000,0.000000,0.000000,195.350000,0.000000,0.000000,0.000000,0.000000,118.304000,0.000000,0.000000,0.000000,0.000000
HandDirection,0.801276,0.265385,-0.536215
HandSphereCenter,68.496900,253.572000,120.756000
HandSphereRadius,80.273000
PalmNormal,-0.355477,-0.509720,-0.783468
PalmPosition,76.845700,236.133000,114.165000
PalmPositionRefined,77.238200,239.908000,112.301000
PalmVelocity,-10.305300,3.968090,-7.457680
RotationAngle,0.444651
RotationAxis,0.199296,0.478212,0.855333
RotationMatrix,0.906623,0.377183,-0.189123,-0.358648,0.924998,0.125499,0.222275,-0.045952,0.973901
RotationProbability,0.361056
ScaleFactor,0.966590
ScaleProbability,0.022308
Translation,34.027000,29.229500,11.152800
TranslationProbability,0.616636
