FingersNr,1.000000
FingertipsDistances,114.759000,0.000000,0.000000,0.000000,0.000000
FingertipsDistancesRefined,115.149000,0.000000,0.000000,0.000000,0.000000
FingertipsInterDistances,0.000000,0.000000,0.000000,0.000000
FingertipsPositions,-27.951200,0.000000,0.000000,0.000000,0.000000,276.301000,0.000000,0.000000,0.000000,0.000000,158.441000,0.000000,0.000000,0.000000,0.000000
HandDirection,-0.455644,0.833771,-0.311793
HandSphereCenter,72.837300,281.096000,139.445000
HandSphereRadius,88.978700
PalmNormal,-0.341582,-0.487220,-0.803703
PalmPosition,71.937000,248.068000,109.503000
PalmPositionRefined,72.207500,247.726000,109.340000
PalmVelocity,-0.133857,-2.724880,1.478450
RotationAngle,0.593241
RotationAxis,-0.384204,-0.301663,-0.872574
RotationMatrix,0.854355,-0.468010,0.225928,0.507617,0.844682,-0.169814,-0.111363,0.259766,0.959229
RotationProbability,0.655684
ScaleFactor,1.010670
ScaleProbability,0.004662
Translation,-34.484100,-21.337300,-8.039580
TranslationProbability,0.339654
