FingersNr,2.000000
FingertipsDistances,105.408000,70.869300,0.000000,0.000000,0.000000
FingertipsDistancesRefined,104.577000,70.763600,0.000000,0.000000,0.000000
FingertipsInterDistances,83.098100,0.000000,0.000000,0.000000
FingertipsPositions,3.725510,65.710500,0.000000,0.000000,0.000000,266.080000,218.085000,0.000000,0.000000,0.000000,79.301200,51.740000,0.000000,0.000000,0.000000
HandDirection,-0.651204,0.528647,-0.544486
HandSphereCenter,90.618800,239.608000,83.342300
HandSphereRadius,79.020000
PalmNormal,0.236780,-0.540118,-0.807594
PalmPosition,100.914000,238.802000,109.653000
PalmPositionRefined,100.234000,239.591000,109.646000
PalmVelocity,-9.251620,12.436200,0.710068
RotationAngle,0.000000
RotationAxis,0.000000,0.000000,0.000000
RotationMatrix,1.000000,0.000000,0.000000,0.000000,1.000000,0.000000,0.000000,0.000000,1.000000
RotationProbability,0.000000
ScaleFactor,1.000000
ScaleProbability,0.000000
Translation,0.000000,0.000000,0.000000
TranslationProbability,0.000000
