FingersNr,2.000000
FingertipsDistances,96.926700,110.280000,0.000000,0.000000,0.000000
FingertipsDistancesRefined,94.712900,115.755000,0.000000,0.000000,0.000000
FingertipsInterDistances,140.563000,0.000000,0.000000,0.000000
FingertipsPositions,-30.752800,38.588700,0.000000,0.000000,0.000000,190.724000,296.106000,0.000000,0.000000,0.000000,142.161000,80.159000,0.000000,0.000000,0.000000
HandDirection,-0.576408,0.797589,-0.177777
HandSphereCenter,44.765100,213.465000,119.439000
HandSphereRadius,70.155800
PalmNormal,-0.268854,-0.390544,-0.880450
PalmPosition,64.396100,199.016000,125.646000
PalmPositionRefined,62.563900,192.583000,126.065000
PalmVelocity,6.761240,19.846500,0.224826
RotationAngle,0.093074
RotationAxis,0.139362,0.240774,-0.960524
RotationMatrix,0.995756,-0.089125,-0.022957,0.089416,0.995923,0.011951,0.021798,-0.013953,0.999665
RotationProbability,0.129413
ScaleFactor,1.030420
ScaleProbability,0.042540
Translation,-6.590400,-40.232800,-35.826200
TranslationProbability,0.828048
