FingersNr,3.000000
FingertipsDistances,88.104700,113.116000,53.128700,0.000000,0.000000
FingertipsDistancesRefined,78.343600,101.773000,43.642900,0.000000,0.000000
FingertipsInterDistances,114.575000,69.052600,0.000000,0.000000
FingertipsPositions,-28.296800,31.718800,58.376600,0.000000,0.000000,237.065000,313.617000,257.493000,0.000000,0.000000,133.977000,73.436100,103.565000,0.000000,0.000000
HandDirection,-0.506716,0.633332,-0.584919
HandSphereCenter,37.886500,247.105000,112.720000
HandSphereRadius,59.961500
PalmNormal,0.003982,-0.676745,-0.736207
PalmPosition,57.802400,237.216000,152.668000
PalmPositionRefined,49.361700,241.677000,143.229000
PalmVelocity,31.065300,-10.691400,40.364400
RotationAngle,0.046019
RotationAxis,0.321281,-0.861525,-0.393134
RotationMatrix,0.999051,-0.018378,0.039499,0.017792,0.999727,0.015138,-0.039766,-0.014421,0.999105
RotationProbability,0.068440
ScaleFactor,0.986318
ScaleProbability,0.028363
Translation,-25.507200,-0.251592,-9.526520
TranslationProbability,0.903197
