FingersNr,2.000000
FingertipsDistances,81.058500,110.089000,0.000000,0.000000,0.000000
FingertipsDistancesRefined,93.583300,150.801000,0.000000,0.000000,0.000000
FingertipsInterDistances,106.963000,0.000000,0.000000,0.000000
FingertipsPositions,-26.601900,18.043600,0.000000,0.000000,0.000000,195.055000,225.959000,0.000000,0.000000,0.000000,148.886000,56.729500,0.000000,0.000000,0.000000
HandDirection,-0.684087,0.388458,-0.617353
HandSphereCenter,37.791100,172.243000,120.738000
HandSphereRadius,66.874400
PalmNormal,-0.091314,-0.885336,-0.455896
PalmPosition,54.034700,188.375000,153.743000
PalmPositionRefined,50.427100,200.342000,201.767000
PalmVelocity,-11.376800,0.662850,-67.113000
RotationAngle,0.000000
RotationAxis,0.000000,0.000000,0.000000
RotationMatrix,1.000000,0.000000,0.000000,0.000000,1.000000,0.000000,0.000000,0.000000,1.000000
RotationProbability,0.000000
ScaleFactor,1.000000
ScaleProbability,0.000000
Translation,0.000000,0.000000,0.000000
TranslationProbability,0.000000
