FingersNr,3.000000
FingertipsDistances,85.680900,112.621000,51.333100,0.000000,0.000000
FingertipsDistancesRefined,78.903400,110.466000,50.817500,0.000000,0.000000
FingertipsInterDistances,117.169000,70.970400,0.000000,0.000000
FingertipsPositions,-36.822700,15.043600,47.662800,0.000000,0.000000,230.553000,321.005000,262.425000,0.000000,0.000000,132.336000,78.886600,102.150000,0.000000,0.000000
HandDirection,-0.536080,0.683646,-0.495224
HandSphereCenter,29.723200,251.985000,117.033000
HandSphereRadius,59.007900
PalmNormal,0.017509,-0.577511,-0.816195
PalmPosition,47.350000,237.238000,146.878000
PalmPositionRefined,40.757000,236.627000,145.384000
PalmVelocity,2.840430,-9.029200,0.909628
RotationAngle,0.100253
RotationAxis,-0.392513,0.719463,0.572981
RotationMatrix,0.995753,0.055928,-0.073136,-0.058764,0.997578,-0.037215,0.070878,0.041354,0.996627
RotationProbability,0.018548
ScaleFactor,0.992134
ScaleProbability,0.002599
Translation,44.140300,12.620200,11.349800
TranslationProbability,0.978853
