FingersNr,3.000000
FingertipsDistances,85.057400,110.245000,48.795000,0.000000,0.000000
FingertipsDistancesRefined,74.610500,97.622000,39.558200,0.000000,0.000000
FingertipsInterDistances,115.556000,68.876900,0.000000,0.000000
FingertipsPositions,-18.862100,34.856200,66.120400,0.000000,0.000000,243.652000,333.618000,276.012000,0.000000,0.000000,185.430000,136.711000,157.879000,0.000000,0.000000
HandDirection,-0.511952,0.750020,-0.418779
HandSphereCenter,50.676100,260.578000,173.145000
HandSphereRadius,59.445100
PalmNormal,0.015411,-0.479413,-0.877454
PalmPosition,65.436200,246.177000,196.484000
PalmPositionRefined,50.481700,239.678000,158.183000
PalmVelocity,0.505506,-3.864040,1.663610
RotationAngle,0.078267
RotationAxis,-0.937154,0.251998,0.241329
RotationMatrix,0.999627,0.018146,-0.020396,-0.019592,0.997133,-0.073088,0.019011,0.073461,0.997117
RotationProbability,0.019929
ScaleFactor,0.984655
ScaleProbability,0.003827
Translation,19.243700,13.517400,53.718600
TranslationProbability,0.976245
