FingersNr,3.000000
FingertipsDistances,87.821100,113.025000,51.223400,0.000000,0.000000
FingertipsDistancesRefined,111.080000,166.696000,118.944000,0.000000,0.000000
FingertipsInterDistances,115.498000,70.489400,0.000000,0.000000
FingertipsPositions,-10.274700,48.681500,77.545800,0.000000,0.000000,247.196000,332.452000,274.090000,0.000000,0.000000,72.971500,22.026400,49.036900,0.000000,0.000000
HandDirection,-0.451586,0.697230,-0.556724
HandSphereCenter,56.906800,260.168000,61.192100
HandSphereRadius,59.863900
PalmNormal,0.008478,-0.620589,-0.784090
PalmPosition,75.044600,249.124000,93.694300
PalmPositionRefined,56.590300,241.482000,161.488000
PalmVelocity,3.057030,-15.857400,-45.838700
RotationAngle,0.120498
RotationAxis,0.844997,0.253632,0.470798
RotationMatrix,0.997926,0.058147,-0.027604,-0.055039,0.993215,0.102440,0.033373,-0.100708,0.994356
RotationProbability,0.000219
ScaleFactor,0.987644
ScaleProbability,0.000010
Translation,12.054700,0.808469,-110.116000
TranslationProbability,0.999770
