FingersNr,3.000000
FingertipsDistances,88.048300,112.733000,53.362500,0.000000,0.000000
FingertipsDistancesRefined,76.339200,98.750500,39.900400,0.000000,0.000000
FingertipsInterDistances,113.670000,67.403900,0.000000,0.000000
FingertipsPositions,-52.798200,5.217700,33.185000,0.000000,0.000000,239.704000,313.180000,259.139000,0.000000,0.000000,150.431000,85.961400,114.955000,0.000000,0.000000
HandDirection,-0.517565,0.644202,-0.563143
HandSphereCenter,16.176700,248.864000,131.526000
HandSphereRadius,60.896100
PalmNormal,-0.024999,-0.669255,-0.742612
PalmPosition,34.254500,236.379000,163.209000
PalmPositionRefined,23.463400,238.060000,147.409000
PalmVelocity,51.868400,-0.570180,12.565200
RotationAngle,0.090483
RotationAxis,0.836121,-0.532951,-0.129864
RotationMatrix,0.998769,-0.013557,0.047713,0.009912,0.997071,0.075834,-0.048601,-0.075268,0.995978
RotationProbability,0.018278
ScaleFactor,0.969921
ScaleProbability,0.003946
Translation,17.130100,-13.411900,45.293900
TranslationProbability,0.977777
