FingersNr,2.000000
FingertipsDistances,83.315900,109.391000,0.000000,0.000000,0.000000
FingertipsDistancesRefined,78.101000,107.617000,0.000000,0.000000,0.000000
FingertipsInterDistances,111.281000,0.000000,0.000000,0.000000
FingertipsPositions,20.362500,73.322800,0.000000,0.000000,0.000000,207.683000,278.523000,0.000000,0.000000,0.000000,69.369000,1.838560,0.000000,0.000000,0.000000
HandDirection,-0.649030,0.660429,-0.377616
HandSphereCenter,84.330600,213.541000,50.232400
HandSphereRadius,58.146600
PalmNormal,-0.290644,-0.673969,-0.679185
PalmPosition,103.135000,198.196000,69.847300
PalmPositionRefined,97.940800,198.667000,69.650500
PalmVelocity,45.415100,-26.517600,7.672980
RotationAngle,0.042484
RotationAxis,-0.017054,0.288551,0.957313
RotationMatrix,0.999098,0.040654,-0.012270,-0.040662,0.999173,-0.000475,0.012240,0.000974,0.999925
RotationProbability,0.001550
ScaleFactor,0.996029
ScaleProbability,0.000211
Translation,63.016500,6.160270,1.081460
TranslationProbability,0.998239
