FingersNr,2.000000
FingertipsDistances,95.259300,122.479000,0.000000,0.000000,0.000000
FingertipsDistancesRefined,95.548300,122.573000,0.000000,0.000000,0.000000
FingertipsInterDistances,119.685000,0.000000,0.000000,0.000000
FingertipsPositions,-158.674000,-102.168000,0.000000,0.000000,0.000000,181.536000,267.467000,0.000000,0.000000,0.000000,83.218000,22.001300,0.000000,0.000000,0.000000
HandDirection,-0.715752,0.344019,-0.607742
HandSphereCenter,-72.056200,231.405000,90.497000
HandSphereRadius,77.302400
PalmNormal,0.001459,-0.869510,-0.493914
PalmPosition,-64.186800,175.901000,93.931700
PalmPositionRefined,-63.885000,175.773000,93.770000
PalmVelocity,-72.376900,32.541000,35.244100
RotationAngle,0.152093
RotationAxis,0.890032,0.248323,-0.382334
RotationMatrix,0.997601,-0.055375,-0.041551,0.060478,0.989168,0.133750,0.033695,-0.135942,0.990144
RotationProbability,0.002194
ScaleFactor,1.048520
ScaleProbability,0.000126
Translation,-53.311200,5.828490,9.300920
TranslationProbability,0.997680
