FingersNr,3.000000
FingertipsDistances,87.118000,112.363000,58.881400,0.000000,0.000000
FingertipsDistancesRefined,86.902100,112.292000,58.848800,0.000000,0.000000
FingertipsInterDistances,109.726000,76.440000,0.000000,0.000000
FingertipsPositions,-46.641200,9.222910,36.732800,0.000000,0.000000,191.415000,275.480000,204.414000,0.000000,0.000000,94.577300,51.541200,45.543500,0.000000,0.000000
HandDirection,-0.700508,0.617657,-0.357475
HandSphereCenter,15.743100,206.113000,82.677300
HandSphereRadius,60.017300
PalmNormal,-0.188248,-0.643102,-0.742282
PalmPosition,39.319700,177.668000,97.935600
PalmPositionRefined,39.102500,177.671000,97.911200
PalmVelocity,145.813000,-2.303940,16.525500
RotationAngle,0.130121
RotationAxis,-0.945319,-0.002923,0.326134
RotationMatrix,0.999101,0.042341,-0.002227,-0.042294,0.991546,-0.122667,-0.002986,0.122651,0.992445
RotationProbability,0.000000
ScaleFactor,0.993186
ScaleProbability,0.000000
Translation,103.681000,16.999300,20.893600
TranslationProbability,1.000000
