FingersNr,3.000000
FingertipsDistances,88.517600,113.525000,58.933200,0.000000,0.000000
FingertipsDistancesRefined,92.602100,117.246000,62.172100,0.000000,0.000000
FingertipsInterDistances,111.341000,78.139200,0.000000,0.000000
FingertipsPositions,-61.833100,-16.971400,22.213100,0.000000,0.000000,159.159000,241.313000,173.731000,0.000000,0.000000,87.557100,27.265800,28.967600,0.000000,0.000000
HandDirection,-0.552004,0.621076,-0.556378
HandSphereCenter,18.032600,178.366000,73.493100
HandSphereRadius,60.371600
PalmNormal,-0.173438,-0.738173,-0.651936
PalmPosition,26.402600,153.063000,83.998700
PalmPositionRefined,30.491300,152.051000,86.646300
PalmVelocity,-49.578500,0.189585,-35.652800
RotationAngle,0.107368
RotationAxis,0.784829,-0.107657,-0.610289
RotationMatrix,0.997789,-0.065886,0.008779,0.064913,0.994308,0.084482,-0.014295,-0.083725,0.996386
RotationProbability,0.000670
ScaleFactor,1.012410
ScaleProbability,0.000048
Translation,-56.737800,-22.922600,-25.549500
TranslationProbability,0.999282
