FingersNr,3.000000
FingertipsDistances,89.174000,112.769000,60.979600,0.000000,0.000000
FingertipsDistancesRefined,93.824000,118.236000,65.070900,0.000000,0.000000
FingertipsInterDistances,113.264000,77.472800,0.000000,0.000000
FingertipsPositions,-79.524100,-28.502900,7.177230,0.000000,0.000000,183.526000,269.277000,200.513000,0.000000,0.000000,69.941900,16.348400,15.670500,0.000000,0.000000
HandDirection,-0.547364,0.619062,-0.563166
HandSphereCenter,-4.546980,206.605000,59.717100
HandSphereRadius,62.774100
PalmNormal,-0.127547,-0.726769,-0.674936
PalmPosition,9.506640,179.372000,72.820700
PalmPositionRefined,13.836200,176.157000,75.642400
PalmVelocity,-23.408200,2.407690,-17.624400
RotationAngle,0.050490
RotationAxis,-0.663612,0.714617,-0.221229
RotationMatrix,0.999287,-0.011769,-0.035879,0.010561,0.999376,-0.033693,0.036253,0.033290,0.998788
RotationProbability,0.038808
ScaleFactor,1.003310
ScaleProbability,0.007257
Translation,-15.317800,26.070600,-12.678100
TranslationProbability,0.953936
