FingersNr,2.000000
FingertipsDistances,77.406700,115.835000,0.000000,0.000000,0.000000
FingertipsDistancesRefined,79.958200,113.897000,0.000000,0.000000,0.000000
FingertipsInterDistances,124.705000,0.000000,0.000000,0.000000
FingertipsPositions,3.571120,50.745800,0.000000,0.000000,0.000000,303.782000,417.823000,0.000000,0.000000,0.000000,109.986000,92.086000,0.000000,0.000000,0.000000
HandDirection,-0.655911,0.611075,-0.443134
HandSphereCenter,58.298500,343.055000,115.123000
HandSphereRadius,59.401900
PalmNormal,0.056859,-0.545394,-0.836249
PalmPosition,77.980600,311.733000,129.780000
PalmPositionRefined,80.070600,314.698000,130.528000
PalmVelocity,0.783831,-38.722100,0.377365
RotationAngle,0.000000
RotationAxis,0.000000,0.000000,0.000000
RotationMatrix,1.000000,0.000000,0.000000,0.000000,1.000000,0.000000,0.000000,0.000000,1.000000
RotationProbability,0.000000
ScaleFactor,1.000000
ScaleProbability,0.000000
Translation,0.000000,0.000000,0.000000
TranslationProbability,0.000000
