FingersNr,3.000000
FingertipsDistances,77.683800,110.803000,39.462800,0.000000,0.000000
FingertipsDistancesRefined,78.253700,110.846000,39.758300,0.000000,0.000000
FingertipsInterDistances,119.795000,82.689900,0.000000,0.000000
FingertipsPositions,16.783600,68.530300,87.947100,0.000000,0.000000,211.040000,313.541000,235.184000,0.000000,0.000000,94.824000,60.666400,78.576600,0.000000,0.000000
HandDirection,-0.518881,0.651121,-0.553900
HandSphereCenter,77.287900,245.291000,94.507800
HandSphereRadius,53.731400
PalmNormal,0.050756,-0.623343,-0.780300
PalmPosition,91.421700,219.512000,114.627000
PalmPositionRefined,91.874300,219.803000,115.029000
PalmVelocity,-0.659415,9.320900,-8.855910
RotationAngle,0.148885
RotationAxis,0.745255,0.218453,0.629979
RotationMatrix,0.995081,0.095250,-0.027210,-0.091648,0.989465,0.112071,0.037599,-0.109026,0.993328
RotationProbability,0.000002
ScaleFactor,0.973344
ScaleProbability,0.000000
Translation,14.345400,-100.426000,-22.933700
TranslationProbability,0.999998
