FingersNr,2.000000
FingertipsDistances,78.214700,111.580000,0.000000,0.000000,0.000000
FingertipsDistancesRefined,82.323500,113.893000,0.000000,0.000000,0.000000
FingertipsInterDistances,119.036000,0.000000,0.000000,0.000000
FingertipsPositions,-1.643420,50.351000,0.000000,0.000000,0.000000,240.933000,341.945000,0.000000,0.000000,0.000000,70.260300,34.727200,0.000000,0.000000,0.000000
HandDirection,-0.668704,0.543436,-0.507456
HandSphereCenter,59.812800,271.390000,69.441400
HandSphereRadius,59.492400
PalmNormal,0.036906,-0.657396,-0.752641
PalmPosition,73.580100,248.107000,90.446900
PalmPositionRefined,77.686100,247.013000,91.403200
PalmVelocity,-5.307980,3.954060,-3.278000
RotationAngle,0.133041
RotationAxis,0.267113,-0.717889,-0.642873
RotationMatrix,0.991794,-0.086971,0.093710,0.083582,0.995717,0.039510,-0.096744,-0.031354,0.994815
RotationProbability,0.083943
ScaleFactor,1.033700
ScaleProbability,0.011197
Translation,-18.312200,30.169000,-26.710400
TranslationProbability,0.904861
