FingersNr,2.000000
FingertipsDistances,80.547600,113.093000,0.000000,0.000000,0.000000
FingertipsDistancesRefined,70.086000,109.158000,0.000000,0.000000,0.000000
FingertipsInterDistances,111.166000,0.000000,0.000000,0.000000
FingertipsPositions,-96.651700,-57.769100,0.000000,0.000000,0.000000,251.594000,348.759000,0.000000,0.000000,0.000000,123.791000,86.308000,0.000000,0.000000,0.000000
HandDirection,-0.733937,0.493968,-0.466190
HandSphereCenter,-36.485500,287.656000,111.673000
HandSphereRadius,58.768300
PalmNormal,0.024782,-0.666431,-0.745155
PalmPosition,-17.820100,257.210000,139.345000
PalmPositionRefined,-26.924400,253.835000,130.509000
PalmVelocity,9.462060,76.510000,-8.039390
RotationAngle,0.129407
RotationAxis,-0.994526,-0.046113,0.093764
RotationMatrix,0.999909,0.012483,0.005171,-0.011716,0.991656,-0.128376,-0.006730,0.128303,0.991712
RotationProbability,0.001510
ScaleFactor,0.988810
ScaleProbability,0.000045
Translation,39.526100,-1.163790,34.454900
TranslationProbability,0.998444
