FingersNr,3.000000
FingertipsDistances,75.603000,109.719000,110.000000,0.000000,0.000000
FingertipsDistancesRefined,76.655500,110.224000,108.899000,0.000000,0.000000
FingertipsInterDistances,110.064000,212.932000,0.000000,0.000000
FingertipsPositions,-18.409300,29.621900,64.669100,0.000000,0.000000,233.956000,326.312000,178.766000,0.000000,0.000000,121.386000,85.645100,235.117000,0.000000,0.000000
HandDirection,-0.810253,0.468900,-0.351600
HandSphereCenter,41.759700,259.761000,107.327000
HandSphereRadius,57.236600
PalmNormal,-0.011960,-0.613022,-0.789975
PalmPosition,54.566500,234.994000,141.116000
PalmPositionRefined,55.219600,235.516000,142.656000
PalmVelocity,-7.797740,-7.966030,-6.689270
RotationAngle,0.098051
RotationAxis,-0.907136,-0.127990,0.400903
RotationMatrix,0.999149,0.039803,0.010783,-0.038688,0.995276,-0.089049,-0.014276,0.088556,0.995969
RotationProbability,0.000009
ScaleFactor,0.998576
ScaleProbability,0.000000
Translation,81.665100,-20.462000,-0.387498
TranslationProbability,0.999991
