FingersNr,2.000000
FingertipsDistances,75.811700,111.511000,0.000000,0.000000,0.000000
FingertipsDistancesRefined,78.635600,109.279000,0.000000,0.000000,0.000000
FingertipsInterDistances,112.262000,0.000000,0.000000,0.000000
FingertipsPositions,-15.017200,36.925400,0.000000,0.000000,0.000000,334.305000,430.077000,0.000000,0.000000,0.000000,126.830000,99.763700,0.000000,0.000000,0.000000
HandDirection,-0.660372,0.631295,-0.406662
HandSphereCenter,43.805000,360.575000,115.135000
HandSphereRadius,59.736300
PalmNormal,-0.036295,-0.567739,-0.822408
PalmPosition,58.062000,331.185000,146.758000
PalmPositionRefined,60.417100,335.395000,149.012000
PalmVelocity,-37.331000,1.739800,-45.585800
RotationAngle,0.205836
RotationAxis,-0.245830,0.486638,0.838302
RotationMatrix,0.980166,0.168812,-0.103812,-0.173863,0.983889,-0.041633,0.095112,0.058856,0.993725
RotationProbability,0.000151
ScaleFactor,1.080750
ScaleProbability,0.000000
Translation,5.019710,96.680100,8.122300
TranslationProbability,0.999849
