FingersNr,3.000000
FingertipsDistances,69.948100,112.382000,112.388000,0.000000,0.000000
FingertipsDistancesRefined,70.056500,112.758000,111.756000,0.000000,0.000000
FingertipsInterDistances,153.300000,215.989000,0.000000,0.000000
FingertipsPositions,60.248000,120.748000,121.802000,0.000000,0.000000,285.005000,223.372000,374.227000,0.000000,0.000000,99.459400,226.116000,71.542700,0.000000,0.000000
HandDirection,-0.807527,0.442622,-0.389853
HandSphereCenter,113.058000,309.337000,98.572900
HandSphereRadius,55.124700
PalmNormal,-0.089013,-0.744840,-0.661279
PalmPosition,123.911000,276.608000,127.194000
PalmPositionRefined,124.135000,277.320000,127.159000
PalmVelocity,-12.573200,-11.000400,5.375480
RotationAngle,0.170835
RotationAxis,0.935139,-0.353715,-0.019996
RotationMatrix,0.998173,-0.008214,0.059861,-0.001416,0.987264,0.159082,-0.060406,-0.158876,0.985449
RotationProbability,0.000003
ScaleFactor,1.033560
ScaleProbability,0.000000
Translation,77.345300,-49.877700,-25.533500
TranslationProbability,0.999997
