FingersNr,3.000000
FingertipsDistances,103.690000,105.857000,34.567500,0.000000,0.000000
FingertipsDistancesRefined,108.618000,110.824000,36.078500,0.000000,0.000000
FingertipsInterDistances,44.060000,89.257300,0.000000,0.000000
FingertipsPositions,-27.123400,14.178300,34.215800,0.000000,0.000000,330.963000,331.397000,257.171000,0.000000,0.000000,147.599000,132.261000,177.602000,0.000000,0.000000
HandDirection,0.044911,0.846922,-0.529817
HandSphereCenter,6.771730,275.797000,162.016000
HandSphereRadius,53.830400
PalmNormal,0.083911,-0.531676,-0.842781
PalmPosition,12.866500,254.144000,204.620000
PalmPositionRefined,12.723400,247.826000,205.032000
PalmVelocity,9.296510,-11.843300,24.643800
RotationAngle,0.067588
RotationAxis,-0.187281,0.686489,0.702608
RotationMatrix,0.997797,0.047159,-0.046664,-0.047746,0.998793,-0.011547,0.046063,0.013750,0.998844
RotationProbability,0.351015
ScaleFactor,0.937920
ScaleProbability,0.142268
Translation,-7.108030,10.273400,1.443370
TranslationProbability,0.506716
