FingersNr,2.000000
FingertipsDistances,100.261000,104.962000,0.000000,0.000000,0.000000
FingertipsDistancesRefined,102.578000,104.734000,0.000000,0.000000,0.000000
FingertipsInterDistances,37.106400,0.000000,0.000000,0.000000
FingertipsPositions,84.294400,117.882000,0.000000,0.000000,0.000000,321.097000,322.759000,0.000000,0.000000,0.000000,157.588000,141.904000,0.000000,0.000000,0.000000
HandDirection,-0.131685,0.862303,-0.488971
HandSphereCenter,115.065000,263.143000,171.477000
HandSphereRadius,54.126500
PalmNormal,-0.131363,-0.504096,-0.853599
PalmPosition,118.402000,242.151000,209.130000
PalmPositionRefined,126.033000,242.776000,209.027000
PalmVelocity,0.868609,-28.491600,29.229400
RotationAngle,0.141641
RotationAxis,0.174467,-0.414087,-0.893360
RotationMatrix,0.990291,-0.126837,0.056895,0.125390,0.991703,0.028334,-0.060017,-0.020924,0.997978
RotationProbability,0.364140
ScaleFactor,0.916339
ScaleProbability,0.278811
Translation,-12.995800,-7.699560,-4.634310
TranslationProbability,0.357049
