FingersNr,2.000000
FingertipsDistances,105.742000,107.527000,0.000000,0.000000,0.000000
FingertipsDistancesRefined,105.476000,109.004000,0.000000,0.000000,0.000000
FingertipsInterDistances,43.715600,0.000000,0.000000,0.000000
FingertipsPositions,-38.678500,2.964650,0.000000,0.000000,0.000000,318.470000,316.314000,0.000000,0.000000,0.000000,160.972000,147.847000,0.000000,0.000000,0.000000
HandDirection,-0.109260,0.815913,-0.567758
HandSphereCenter,-7.113340,257.174000,179.408000
HandSphereRadius,56.946400
PalmNormal,0.151409,-0.550852,-0.820754
PalmPosition,-5.887110,237.146000,220.071000
PalmPositionRefined,-11.665200,233.105000,216.724000
PalmVelocity,25.177900,-6.748360,12.504400
RotationAngle,0.076306
RotationAxis,-0.848017,0.498404,0.180166
RotationMatrix,0.999183,0.012505,-0.038439,-0.014964,0.997813,-0.064385,0.037550,0.064908,0.997185
RotationProbability,0.009315
ScaleFactor,0.922859
ScaleProbability,0.001768
Translation,37.444600,28.546900,15.430100
TranslationProbability,0.988917
