FingersNr,2.000000
FingertipsDistances,104.217000,105.978000,0.000000,0.000000,0.000000
FingertipsDistancesRefined,104.851000,108.588000,0.000000,0.000000,0.000000
FingertipsInterDistances,44.093800,0.000000,0.000000,0.000000
FingertipsPositions,-19.686700,22.006200,0.000000,0.000000,0.000000,321.987000,320.993000,0.000000,0.000000,0.000000,145.241000,130.923000,0.000000,0.000000,0.000000
HandDirection,-0.129707,0.823396,-0.552445
HandSphereCenter,12.744800,265.575000,162.410000
HandSphereRadius,54.418300
PalmNormal,0.059035,-0.549750,-0.833240
PalmPosition,17.719600,244.887000,204.550000
PalmPositionRefined,13.420200,244.006000,207.019000
PalmVelocity,-5.080060,-1.208020,10.822700
RotationAngle,0.083552
RotationAxis,-0.130258,-0.969048,0.209709
RotationMatrix,0.996571,0.017941,0.080776,-0.017061,0.999787,-0.011580,-0.080967,0.010162,0.996665
RotationProbability,0.069293
ScaleFactor,0.798867
ScaleProbability,0.028362
Translation,18.904200,3.994160,-16.104700
TranslationProbability,0.902345
