FingersNr,2.000000
FingertipsDistances,98.061900,112.415000,0.000000,0.000000,0.000000
FingertipsDistancesRefined,109.437000,127.962000,0.000000,0.000000,0.000000
FingertipsInterDistances,131.662000,0.000000,0.000000,0.000000
FingertipsPositions,-90.620500,-10.779600,0.000000,0.000000,0.000000,219.099000,316.894000,0.000000,0.000000,0.000000,19.655000,-17.713800,0.000000,0.000000,0.000000
HandDirection,-0.590344,0.548835,-0.591839
HandSphereCenter,-12.176700,246.530000,10.393600
HandSphereRadius,66.378600
PalmNormal,-0.084082,-0.771071,-0.631174
PalmPosition,4.262970,224.087000,43.911600
PalmPositionRefined,12.870200,214.220000,54.902000
PalmVelocity,-15.033900,17.343800,-0.749112
RotationAngle,0.000000
RotationAxis,0.000000,0.000000,0.000000
RotationMatrix,1.000000,0.000000,0.000000,0.000000,1.000000,0.000000,0.000000,0.000000,1.000000
RotationProbability,0.000000
ScaleFactor,1.000000
ScaleProbability,0.000000
Translation,0.000000,0.000000,0.000000
TranslationProbability,0.000000
