FingersNr,3.000000
FingertipsDistances,100.939000,121.349000,58.541900,0.000000,0.000000
FingertipsDistancesRefined,101.424000,121.846000,58.675800,0.000000,0.000000
FingertipsInterDistances,128.862000,88.109700,0.000000,0.000000
FingertipsPositions,-53.366600,38.166300,55.850800,0.000000,0.000000,238.281000,324.568000,240.846000,0.000000,0.000000,9.449310,-18.511100,2.496230,0.000000,0.000000
HandDirection,-0.319869,0.554936,-0.767939
HandSphereCenter,26.175700,245.195000,39.237800
HandSphereRadius,69.769000
PalmNormal,-0.009544,-0.812368,-0.583067
PalmPosition,35.639800,228.922000,56.129100
PalmPositionRefined,36.040000,228.425000,56.311400
PalmVelocity,-84.071800,103.525000,-38.838000
RotationAngle,0.071153
RotationAxis,-0.588293,0.609041,0.531959
RotationMatrix,0.998345,0.036912,-0.044090,-0.038725,0.998408,-0.041004,0.042507,0.042643,0.998186
RotationProbability,0.000931
ScaleFactor,0.968071
ScaleProbability,0.000157
Translation,14.845300,14.502900,7.015170
TranslationProbability,0.998911
