FingersNr,1.000000
FingertipsDistances,101.954000,0.000000,0.000000,0.000000,0.000000
FingertipsDistancesRefined,101.501000,0.000000,0.000000,0.000000,0.000000
FingertipsInterDistances,0.000000,0.000000,0.000000,0.000000
FingertipsPositions,-149.353000,0.000000,0.000000,0.000000,0.000000,169.415000,0.000000,0.000000,0.000000,0.000000,24.466400,0.000000,0.000000,0.000000,0.000000
HandDirection,-0.553410,0.434035,-0.710880
HandSphereCenter,-51.759700,213.061000,26.025600
HandSphereRadius,69.636600
PalmNormal,0.012706,-0.848992,-0.528252
PalmPosition,-50.614400,164.456000,49.380600
PalmPositionRefined,-50.923700,166.890000,49.119500
PalmVelocity,8.843630,-69.614800,7.468030
RotationAngle,0.023926
RotationAxis,-0.404681,-0.806840,-0.430397
RotationMatrix,0.999761,-0.010204,0.019354,0.010391,0.999900,-0.009583,-0.019254,0.009782,0.999767
RotationProbability,0.000000
ScaleFactor,1.039410
ScaleProbability,0.000000
Translation,-98.200300,-39.163400,8.412870
TranslationProbability,1.000000
