FingersNr,2.000000
FingertipsDistances,107.060000,136.765000,0.000000,0.000000,0.000000
FingertipsDistancesRefined,107.278000,136.954000,0.000000,0.000000,0.000000
FingertipsInterDistances,134.468000,0.000000,0.000000,0.000000
FingertipsPositions,-88.784600,-2.996650,0.000000,0.000000,0.000000,253.527000,351.148000,0.000000,0.000000,0.000000,11.324600,-23.201200,0.000000,0.000000,0.000000
HandDirection,-0.469932,0.547395,-0.692475
HandSphereCenter,-0.198629,245.728000,47.489700
HandSphereRadius,73.132100
PalmNormal,-0.045770,-0.798550,-0.600186
PalmPosition,6.322100,242.398000,59.206100
PalmPositionRefined,6.528290,242.203000,59.239800
PalmVelocity,-63.438800,59.702300,-10.341700
RotationAngle,0.031563
RotationAxis,-0.455328,0.825270,0.334076
RotationMatrix,0.999605,0.010356,-0.026121,-0.010730,0.999841,-0.014232,0.025969,0.014507,0.999557
RotationProbability,0.000016
ScaleFactor,1.002540
ScaleProbability,0.000000
Translation,-24.545600,86.638200,-27.692600
TranslationProbability,0.999983
