FingersNr,2.000000
FingertipsDistances,91.926300,117.051000,0.000000,0.000000,0.000000
FingertipsDistancesRefined,91.405500,117.758000,0.000000,0.000000,0.000000
FingertipsInterDistances,134.311000,0.000000,0.000000,0.000000
FingertipsPositions,-48.732700,50.634600,0.000000,0.000000,0.000000,190.943000,273.598000,0.000000,0.000000,0.000000,32.825700,-3.695910,0.000000,0.000000,0.000000
HandDirection,-0.533510,0.549615,-0.642877
HandSphereCenter,13.697800,195.749000,19.632700
HandSphereRadius,65.844700
PalmNormal,-0.121754,-0.802077,-0.584679
PalmPosition,36.666600,179.851000,64.987000
PalmPositionRefined,36.018800,179.017000,64.917600
PalmVelocity,21.803200,29.241000,3.681590
RotationAngle,0.052797
RotationAxis,0.704434,-0.322289,0.632378
RotationMatrix,0.999298,0.033055,0.017628,-0.033688,0.998751,0.036890,-0.016387,-0.037458,0.999164
RotationProbability,0.000009
ScaleFactor,0.986283
ScaleProbability,0.000000
Translation,68.777800,0.719712,8.912800
TranslationProbability,0.999991
