FingersNr,2.000000
FingertipsDistances,120.798000,125.862000,0.000000,0.000000,0.000000
FingertipsDistancesRefined,128.415000,127.802000,0.000000,0.000000,0.000000
FingertipsInterDistances,63.306700,0.000000,0.000000,0.000000
FingertipsPositions,8.153830,67.416000,0.000000,0.000000,0.000000,352.277000,335.938000,0.000000,0.000000,0.000000,9.800140,-5.325840,0.000000,0.000000,0.000000
HandDirection,0.240873,0.510693,-0.825332
HandSphereCenter,24.561900,304.619000,52.644100
HandSphereRadius,68.182500
PalmNormal,-0.004092,0.850896,0.525318
PalmPosition,15.751400,244.816000,64.451000
PalmPositionRefined,29.467800,242.958000,73.718100
PalmVelocity,-96.500200,26.634100,-17.937500
RotationAngle,0.000000
RotationAxis,0.000000,0.000000,0.000000
RotationMatrix,1.000000,0.000000,0.000000,0.000000,1.000000,0.000000,0.000000,0.000000,1.000000
RotationProbability,0.000000
ScaleFactor,1.000000
ScaleProbability,0.000000
Translation,0.000000,0.000000,0.000000
TranslationProbability,0.000000
