FingersNr,2.000000
FingertipsDistances,115.964000,117.712000,0.000000,0.000000,0.000000
FingertipsDistancesRefined,115.132000,117.235000,0.000000,0.000000,0.000000
FingertipsInterDistances,61.183500,0.000000,0.000000,0.000000
FingertipsPositions,-97.410400,-41.728700,0.000000,0.000000,0.000000,317.744000,317.179000,0.000000,0.000000,0.000000,-13.577300,-38.927800,0.000000,0.000000,0.000000
HandDirection,-0.203950,0.571298,-0.794999
HandSphereCenter,-55.731900,280.013000,20.301400
HandSphereRadius,59.791700
PalmNormal,-0.147540,0.784855,0.601859
PalmPosition,-40.294600,237.697000,47.886300
PalmPositionRefined,-40.504200,239.605000,48.963300
PalmVelocity,-2.829820,-4.282770,-17.297400
RotationAngle,0.247603
RotationAxis,-0.610973,-0.752693,-0.245285
RotationMatrix,0.980887,-0.046090,0.189041,0.074140,0.986781,-0.144107,-0.179900,0.155368,0.971338
RotationProbability,0.597924
ScaleFactor,0.954067
ScaleProbability,0.084804
Translation,-104.799000,-30.000300,-27.290500
TranslationProbability,0.317272
