FingersNr,1.000000
FingertipsDistances,133.296000,0.000000,0.000000,0.000000,0.000000
FingertipsDistancesRefined,130.646000,0.000000,0.000000,0.000000,0.000000
FingertipsInterDistances,0.000000,0.000000,0.000000,0.000000
FingertipsPositions,3.575040,0.000000,0.000000,0.000000,0.000000,384.371000,0.000000,0.000000,0.000000,0.000000,-18.473600,0.000000,0.000000,0.000000,0.000000
HandDirection,0.156363,0.513389,-0.843791
HandSphereCenter,-31.669000,355.055000,59.627400
HandSphereRadius,82.733900
PalmNormal,-0.143569,0.857039,0.494845
PalmPosition,-20.674700,273.812000,51.929700
PalmPositionRefined,-19.811300,276.398000,51.264000
PalmVelocity,1.326100,-54.979700,72.386900
RotationAngle,0.106577
RotationAxis,-0.616229,0.119361,0.778469
RotationMatrix,0.996481,0.082393,-0.015419,-0.083228,0.994407,-0.065025,0.009975,0.066079,0.997765
RotationProbability,0.035767
ScaleFactor,0.963134
ScaleProbability,0.028755
Translation,45.362800,65.892000,20.303500
TranslationProbability,0.935478
