FingersNr,2.000000
FingertipsDistances,122.689000,125.191000,0.000000,0.000000,0.000000
FingertipsDistancesRefined,122.079000,124.903000,0.000000,0.000000,0.000000
FingertipsInterDistances,61.491500,0.000000,0.000000,0.000000
FingertipsPositions,48.525000,104.255000,0.000000,0.000000,0.000000,352.231000,330.315000,0.000000,0.000000,0.000000,38.472100,24.506100,0.000000,0.000000,0.000000
HandDirection,0.148740,0.553730,-0.819304
HandSphereCenter,51.782500,303.573000,77.407900
HandSphereRadius,67.247400
PalmNormal,0.058753,0.822108,0.566291
PalmPosition,45.342600,240.204000,88.397500
PalmPositionRefined,44.900100,240.871000,88.362800
PalmVelocity,1.226010,-29.325700,23.888900
RotationAngle,0.055358
RotationAxis,0.171747,0.262543,0.949512
RotationMatrix,0.998513,0.052605,-0.014276,-0.052467,0.998574,0.009885,0.014776,-0.009121,0.999849
RotationProbability,0.000000
ScaleFactor,0.998369
ScaleProbability,0.000000
Translation,88.786700,8.329330,29.529900
TranslationProbability,1.000000
