FingersNr,2.000000
FingertipsDistances,113.371000,113.493000,0.000000,0.000000,0.000000
FingertipsDistancesRefined,113.321000,113.190000,0.000000,0.000000,0.000000
FingertipsInterDistances,62.305600,0.000000,0.000000,0.000000
FingertipsPositions,-32.629800,23.709600,0.000000,0.000000,0.000000,307.006000,291.583000,0.000000,0.000000,0.000000,82.616600,60.937600,0.000000,0.000000,0.000000
HandDirection,0.111237,0.788925,-0.604337
HandSphereCenter,-16.480700,243.916000,81.087600
HandSphereRadius,58.701400
PalmNormal,-0.226063,0.612256,0.757653
PalmPosition,-10.652800,203.858000,124.216000
PalmPositionRefined,-9.785050,204.342000,124.804000
PalmVelocity,-10.251300,-7.998330,-11.370700
RotationAngle,0.243072
RotationAxis,-0.648908,0.287506,-0.704456
RotationMatrix,0.982982,-0.175037,-0.055760,0.164068,0.973033,-0.162137,0.082637,0.150229,0.985192
RotationProbability,0.000015
ScaleFactor,0.970735
ScaleProbability,0.000000
Translation,-75.035800,-38.427100,38.552500
TranslationProbability,0.999985
