FingersNr,1.000000
FingertipsDistances,132.563000,0.000000,0.000000,0.000000,0.000000
FingertipsDistancesRefined,131.567000,0.000000,0.000000,0.000000,0.000000
FingertipsInterDistances,0.000000,0.000000,0.000000,0.000000
FingertipsPositions,48.659100,0.000000,0.000000,0.000000,0.000000,324.268000,0.000000,0.000000,0.000000,0.000000,-42.218900,0.000000,0.000000,0.000000,0.000000
HandDirection,0.247147,0.318753,-0.915049
HandSphereCenter,7.161000,277.499000,-9.368370
HandSphereRadius,62.293100
PalmNormal,-0.066074,0.947690,0.312278
PalmPosition,10.563700,228.606000,41.269600
PalmPositionRefined,9.089320,230.392000,41.035600
PalmVelocity,-0.394878,-25.853900,18.185000
RotationAngle,0.186627
RotationAxis,0.455674,0.161985,0.875284
RotationMatrix,0.986241,0.163687,-0.023130,-0.161123,0.983091,0.087010,0.036981,-0.082086,0.995939
RotationProbability,0.000001
ScaleFactor,0.715195
ScaleProbability,0.000000
Translation,114.012000,-3.412090,3.457830
TranslationProbability,0.999999
