FingersNr,1.000000
FingertipsDistances,120.947000,0.000000,0.000000,0.000000,0.000000
FingertipsDistancesRefined,120.352000,0.000000,0.000000,0.000000,0.000000
FingertipsInterDistances,0.000000,0.000000,0.000000,0.000000
FingertipsPositions,114.285000,0.000000,0.000000,0.000000,0.000000,272.657000,0.000000,0.000000,0.000000,0.000000,21.320600,0.000000,0.000000,0.000000,0.000000
HandDirection,0.270818,0.530740,-0.803102
HandSphereCenter,54.607200,230.484000,29.208200
HandSphereRadius,62.407400
PalmNormal,0.162185,0.797196,0.581528
PalmPosition,56.154200,195.421000,94.008400
PalmPositionRefined,54.889000,196.954000,93.609600
PalmVelocity,46.169300,-157.527000,30.973900
RotationAngle,0.173049
RotationAxis,-0.797046,-0.360120,0.484800
RotationMatrix,0.994553,0.087763,0.056237,-0.079189,0.987001,-0.139849,-0.067779,0.134634,0.988575
RotationProbability,0.000001
ScaleFactor,0.985691
ScaleProbability,0.000000
Translation,67.472100,-47.232600,60.178800
TranslationProbability,0.999999
