FingersNr,2.000000
FingertipsDistances,83.010700,106.769000,0.000000,0.000000,0.000000
FingertipsDistancesRefined,82.855100,106.631000,0.000000,0.000000,0.000000
FingertipsInterDistances,106.224000,0.000000,0.000000,0.000000
FingertipsPositions,-20.644400,41.376400,0.000000,0.000000,0.000000,217.993000,279.840000,0.000000,0.000000,0.000000,149.419000,89.319100,0.000000,0.000000,0.000000
HandDirection,-0.629488,0.632989,-0.450634
HandSphereCenter,45.302900,223.041000,140.502000
HandSphereRadius,60.319800
PalmNormal,-0.157152,-0.671690,-0.723973
PalmPosition,59.732600,198.204000,155.638000
PalmPositionRefined,59.627600,198.476000,155.778000
PalmVelocity,56.930100,-147.346000,-75.210500
RotationAngle,0.097724
RotationAxis,0.947577,0.245095,0.205002
RotationMatrix,0.999513,0.021110,-0.022987,-0.018894,0.995515,0.092694,0.024841,-0.092215,0.995429
RotationProbability,0.000000
ScaleFactor,0.929444
ScaleProbability,0.000000
Translation,99.409100,-51.036500,-38.987200
TranslationProbability,1.000000
