FingersNr,2.000000
FingertipsDistances,80.510000,103.174000,0.000000,0.000000,0.000000
FingertipsDistancesRefined,73.655500,95.521300,0.000000,0.000000,0.000000
FingertipsInterDistances,106.000000,0.000000,0.000000,0.000000
FingertipsPositions,-2.586950,61.287900,0.000000,0.000000,0.000000,193.415000,251.057000,0.000000,0.000000,0.000000,156.259000,94.345600,0.000000,0.000000,0.000000
HandDirection,-0.549609,0.682712,-0.481492
HandSphereCenter,62.416700,185.974000,135.744000
HandSphereRadius,58.529800
PalmNormal,-0.252562,-0.685160,-0.683204
PalmPosition,75.432000,174.355000,161.886000
PalmPositionRefined,70.170200,182.782000,160.557000
PalmVelocity,11.950800,-32.851200,-14.496000
RotationAngle,0.072709
RotationAxis,0.067298,-0.378648,0.923091
RotationMatrix,0.997370,0.066990,0.027671,-0.067125,0.997737,0.003965,-0.027343,-0.005812,0.999609
RotationProbability,0.042073
ScaleFactor,0.991953
ScaleProbability,0.009683
Translation,14.839600,-17.013700,14.008100
TranslationProbability,0.948244
