FingersNr,2.000000
FingertipsDistances,75.149700,94.306300,0.000000,0.000000,0.000000
FingertipsDistancesRefined,71.135000,93.825100,0.000000,0.000000,0.000000
FingertipsInterDistances,92.217300,0.000000,0.000000,0.000000
FingertipsPositions,-22.682100,28.893300,0.000000,0.000000,0.000000,191.469000,237.613000,0.000000,0.000000,0.000000,183.956000,123.007000,0.000000,0.000000,0.000000
HandDirection,-0.565227,0.675386,-0.473679
HandSphereCenter,42.719900,176.516000,169.011000
HandSphereRadius,58.225400
PalmNormal,-0.197762,-0.668395,-0.717034
PalmPosition,50.148100,173.627000,188.944000
PalmPositionRefined,43.641500,165.857000,181.632000
PalmVelocity,13.916600,37.504100,18.077800
RotationAngle,0.109143
RotationAxis,-0.035524,-0.489609,-0.871218
RotationMatrix,0.994057,-0.094795,0.053515,0.095002,0.995476,-0.001331,-0.053147,0.006408,0.998566
RotationProbability,0.039059
ScaleFactor,0.890643
ScaleProbability,0.122601
Translation,-28.937400,-8.867480,29.694300
TranslationProbability,0.838340
