FingersNr,3.000000
FingertipsDistances,82.507000,102.485000,51.353200,0.000000,0.000000
FingertipsDistancesRefined,80.815600,102.226000,51.579000,0.000000,0.000000
FingertipsInterDistances,104.115000,60.591600,0.000000,0.000000
FingertipsPositions,-1.509450,57.829000,78.888200,0.000000,0.000000,215.979000,261.944000,209.990000,0.000000,0.000000,196.746000,124.593000,147.585000,0.000000,0.000000
HandDirection,-0.467773,0.684638,-0.558980
HandSphereCenter,62.693800,198.134000,171.190000
HandSphereRadius,58.728900
PalmNormal,-0.222030,-0.703182,-0.675454
PalmPosition,76.609700,189.515000,194.625000
PalmPositionRefined,74.861000,189.617000,194.799000
PalmVelocity,19.657400,-8.902970,-9.819240
RotationAngle,0.051915
RotationAxis,0.791891,-0.161236,0.588992
RotationMatrix,0.999498,0.030392,0.008995,-0.030737,0.998688,0.040965,-0.007739,-0.041221,0.999120
RotationProbability,0.003521
ScaleFactor,1.116580
ScaleProbability,0.001009
Translation,24.380400,23.707000,7.255110
TranslationProbability,0.995471
