FingersNr,2.000000
FingertipsDistances,105.412000,104.166000,0.000000,0.000000,0.000000
FingertipsDistancesRefined,76.973000,71.785900,0.000000,0.000000,0.000000
FingertipsInterDistances,47.875500,0.000000,0.000000,0.000000
FingertipsPositions,-38.610000,8.545270,0.000000,0.000000,0.000000,245.328000,239.692000,0.000000,0.000000,0.000000,76.284000,70.227900,0.000000,0.000000,0.000000
HandDirection,0.068217,0.840567,-0.537395
HandSphereCenter,-4.846870,204.263000,116.010000
HandSphereRadius,56.327500
PalmNormal,0.061747,-0.541174,-0.838640
PalmPosition,-12.966800,165.168000,139.755000
PalmPositionRefined,-12.387500,174.926000,93.041500
PalmVelocity,-13.688600,-33.750400,18.015400
RotationAngle,0.000000
RotationAxis,0.000000,0.000000,0.000000
RotationMatrix,1.000000,0.000000,0.000000,0.000000,1.000000,0.000000,0.000000,0.000000,1.000000
RotationProbability,0.000000
ScaleFactor,1.000000
ScaleProbability,0.000000
Translation,0.000000,0.000000,0.000000
TranslationProbability,0.000000
