FingersNr,2.000000
FingertipsDistances,106.419000,103.489000,0.000000,0.000000,0.000000
FingertipsDistancesRefined,109.255000,108.034000,0.000000,0.000000,0.000000
FingertipsInterDistances,44.426400,0.000000,0.000000,0.000000
FingertipsPositions,-89.783100,-47.192300,0.000000,0.000000,0.000000,262.282000,258.440000,0.000000,0.000000,0.000000,59.924000,47.883400,0.000000,0.000000,0.000000
HandDirection,-0.107875,0.783655,-0.611758
HandSphereCenter,-51.713100,205.612000,83.739300
HandSphereRadius,56.779400
PalmNormal,0.206635,-0.584236,-0.784838
PalmPosition,-48.446900,186.926000,122.677000
PalmPositionRefined,-52.058800,183.482000,125.530000
PalmVelocity,8.483430,7.231270,0.327590
RotationAngle,0.172386
RotationAxis,-0.015055,0.322598,-0.946416
RotationMatrix,0.985182,-0.162414,-0.055125,0.162270,0.986721,-0.007108,0.055547,-0.001943,0.998454
RotationProbability,0.011424
ScaleFactor,0.996576
ScaleProbability,0.000775
Translation,-64.107900,-0.751268,-13.467100
TranslationProbability,0.987801
