FingersNr,2.000000
FingertipsDistances,109.421000,109.174000,0.000000,0.000000,0.000000
FingertipsDistancesRefined,103.001000,99.751900,0.000000,0.000000,0.000000
FingertipsInterDistances,44.433600,0.000000,0.000000,0.000000
FingertipsPositions,1.359230,45.332400,0.000000,0.000000,0.000000,316.274000,310.680000,0.000000,0.000000,0.000000,29.133000,26.065100,0.000000,0.000000,0.000000
HandDirection,0.037210,0.738911,-0.672775
HandSphereCenter,28.665300,259.610000,55.848600
HandSphereRadius,55.682600
PalmNormal,-0.081946,-0.668718,-0.738987
PalmPosition,20.769300,243.854000,108.829000
PalmPositionRefined,26.150200,240.212000,94.011900
PalmVelocity,-31.822600,25.291600,95.447200
RotationAngle,0.183703
RotationAxis,0.188210,-0.483145,0.855072
RotationMatrix,0.983770,0.154668,0.090965,-0.157728,0.987102,0.027429,-0.085549,-0.041332,0.995476
RotationProbability,0.005772
ScaleFactor,1.000540
ScaleProbability,0.000225
Translation,27.962200,44.154200,1.182970
TranslationProbability,0.994004
