FingersNr,3.000000
FingertipsDistances,67.905100,27.709000,69.029500,0.000000,0.000000
FingertipsDistancesRefined,66.833600,66.258800,72.596500,0.000000,0.000000
FingertipsInterDistances,82.231300,67.962400,0.000000,0.000000
FingertipsPositions,0.598860,33.567000,42.248400,0.000000,0.000000,322.183000,270.861000,314.382000,0.000000,0.000000,252.649000,307.796000,256.322000,0.000000,0.000000
HandDirection,0.308575,0.779976,-0.544443
HandSphereCenter,4.066190,255.710000,249.624000
HandSphereRadius,59.848800
PalmNormal,-0.237895,-0.490903,-0.838105
PalmPosition,7.226750,273.622000,299.649000
PalmPositionRefined,0.145545,255.351000,252.726000
PalmVelocity,4.158960,10.399800,23.137400
RotationAngle,0.117950
RotationAxis,-0.496941,0.230060,0.836733
RotationMatrix,0.994768,0.097669,-0.029961,-0.099257,0.993420,-0.057140,0.024184,0.059815,0.997916
RotationProbability,0.000002
ScaleFactor,0.980090
ScaleProbability,0.000000
Translation,15.612500,14.053800,103.914000
TranslationProbability,0.999997
