FingersNr,0.000000
FingertipsDistances,0.000000,0.000000,0.000000,0.000000,0.000000
FingertipsDistancesRefined,0.000000,0.000000,0.000000,0.000000,0.000000
FingertipsInterDistances,0.000000,0.000000,0.000000,0.000000
FingertipsPositions,0.000000,0.000000,0.000000,0.000000,0.000000,0.000000,0.000000,0.000000,0.000000,0.000000,0.000000,0.000000,0.000000,0.000000,0.000000
HandDirection,0.326236,0.559312,-0.762064
HandSphereCenter,60.273000,209.848000,192.749000
HandSphereRadius,51.717400
PalmNormal,-0.423863,-0.634030,-0.646796
PalmPosition,68.242000,198.777000,207.259000
PalmPositionRefined,68.242000,198.777000,207.260000
PalmVelocity,-461.953000,-81.015500,-347.154000
RotationAngle,0.085085
RotationAxis,0.593406,0.487475,-0.640498
RotationMatrix,0.997656,-0.053385,-0.042802,0.055477,0.997242,0.049300,0.040052,-0.051559,0.997867
RotationProbability,0.019182
ScaleFactor,0.943678
ScaleProbability,0.009647
Translation,0.167018,-24.053600,-27.261100
TranslationProbability,0.971171
