FingersNr,2.000000
FingertipsDistances,96.607100,100.534000,0.000000,0.000000,0.000000
FingertipsDistancesRefined,87.202800,94.379300,0.000000,0.000000,0.000000
FingertipsInterDistances,55.085000,0.000000,0.000000,0.000000
FingertipsPositions,10.661100,63.866900,0.000000,0.000000,0.000000,273.088000,268.567000,0.000000,0.000000,0.000000,88.546600,75.016600,0.000000,0.000000,0.000000
HandDirection,-0.044885,0.635288,-0.770970
HandSphereCenter,44.744200,235.225000,129.541000
HandSphereRadius,55.234500
PalmNormal,-0.352083,-0.732288,-0.582916
PalmPosition,45.912900,220.220000,161.315000
PalmPositionRefined,40.352900,227.368000,156.608000
PalmVelocity,3.724630,-18.669600,-8.115980
RotationAngle,0.275203
RotationAxis,0.253316,-0.247125,0.935286
RotationMatrix,0.964785,0.251801,0.076070,-0.256513,0.964668,0.060139,-0.058239,-0.077534,0.995287
RotationProbability,0.002159
ScaleFactor,0.992701
ScaleProbability,0.000015
Translation,56.623200,-44.707300,39.043600
TranslationProbability,0.997826
