FingersNr,2.000000
FingertipsDistances,100.203000,103.064000,0.000000,0.000000,0.000000
FingertipsDistancesRefined,100.420000,102.751000,0.000000,0.000000,0.000000
FingertipsInterDistances,55.373200,0.000000,0.000000,0.000000
FingertipsPositions,25.934900,80.574400,0.000000,0.000000,0.000000,272.128000,266.764000,0.000000,0.000000,0.000000,118.148000,110.941000,0.000000,0.000000,0.000000
HandDirection,0.046400,0.939929,-0.338202
HandSphereCenter,76.887000,257.236000,201.709000
HandSphereRadius,85.475200
PalmNormal,-0.063038,-0.335136,-0.940058
PalmPosition,49.336800,196.452000,179.517000
PalmPositionRefined,50.475700,197.079000,180.193000
PalmVelocity,6.059740,15.773900,0.803350
RotationAngle,0.000000
RotationAxis,0.000000,0.000000,0.000000
RotationMatrix,1.000000,0.000000,0.000000,0.000000,1.000000,0.000000,0.000000,0.000000,1.000000
RotationProbability,0.000000
ScaleFactor,1.000000
ScaleProbability,0.000000
Translation,0.000000,0.000000,0.000000
TranslationProbability,0.000000
