FingersNr,2.000000
FingertipsDistances,100.239000,103.624000,0.000000,0.000000,0.000000
FingertipsDistancesRefined,98.125600,101.597000,0.000000,0.000000,0.000000
FingertipsInterDistances,55.687500,0.000000,0.000000,0.000000
FingertipsPositions,32.936900,87.528300,0.000000,0.000000,0.000000,276.689000,275.124000,0.000000,0.000000,0.000000,93.342000,82.459700,0.000000,0.000000,0.000000
HandDirection,-0.019849,0.740785,-0.671449
HandSphereCenter,66.420800,230.278000,123.614000
HandSphereRadius,53.175300
PalmNormal,-0.380383,-0.626672,-0.680140
PalmPosition,65.903700,207.462000,157.906000
PalmPositionRefined,66.174600,211.594000,158.814000
PalmVelocity,-6.457240,16.225300,-17.030200
RotationAngle,0.143337
RotationAxis,0.634480,-0.611494,0.472769
RotationMatrix,0.993873,0.063555,0.090426,-0.071513,0.993579,0.087669,-0.084274,-0.093598,0.992037
RotationProbability,0.019294
ScaleFactor,0.980079
ScaleProbability,0.002254
Translation,-1.115540,-47.558500,-1.731520
TranslationProbability,0.978452
