FingersNr,2.000000
FingertipsDistances,100.919000,103.399000,0.000000,0.000000,0.000000
FingertipsDistancesRefined,101.183000,102.110000,0.000000,0.000000,0.000000
FingertipsInterDistances,55.957400,0.000000,0.000000,0.000000
FingertipsPositions,-35.077000,17.319000,0.000000,0.000000,0.000000,254.878000,253.543000,0.000000,0.000000,0.000000,103.434000,83.834900,0.000000,0.000000,0.000000
HandDirection,-0.123516,0.782022,-0.610889
HandSphereCenter,9.503570,203.313000,120.407000
HandSphereRadius,55.606000
PalmNormal,-0.065039,-0.620659,-0.781379
PalmPosition,9.936650,185.720000,161.533000
PalmPositionRefined,12.919500,187.146000,161.285000
PalmVelocity,-47.464200,-22.314200,4.309230
RotationAngle,0.216946
RotationAxis,-0.283271,0.426687,-0.858892
RotationMatrix,0.978440,-0.187708,-0.086141,0.182042,0.980827,-0.069564,0.097547,0.052383,0.993851
RotationProbability,0.003339
ScaleFactor,1.002160
ScaleProbability,0.000052
Translation,-67.237000,-22.988800,5.479020
TranslationProbability,0.996609
