FingersNr,2.000000
FingertipsDistances,107.901000,108.522000,0.000000,0.000000,0.000000
FingertipsDistancesRefined,99.557400,104.546000,0.000000,0.000000,0.000000
FingertipsInterDistances,55.307900,0.000000,0.000000,0.000000
FingertipsPositions,-46.280100,5.387110,0.000000,0.000000,0.000000,317.597000,313.545000,0.000000,0.000000,0.000000,50.998200,31.683900,0.000000,0.000000,0.000000
HandDirection,-0.193006,0.659469,-0.726532
HandSphereCenter,-11.352700,263.571000,69.177100
HandSphereRadius,58.773700
PalmNormal,-0.005975,-0.741231,-0.671223
PalmPosition,2.722700,251.017000,120.342000
PalmPositionRefined,-5.712360,257.571000,119.283000
PalmVelocity,75.178200,-45.133100,66.245800
RotationAngle,0.045537
RotationAxis,0.955694,-0.233857,0.178774
RotationMatrix,0.999910,0.007907,0.010823,-0.008370,0.999020,0.043463,-0.010469,-0.043549,0.998996
RotationProbability,0.014500
ScaleFactor,0.994362
ScaleProbability,0.002288
Translation,13.930100,-24.861800,-3.364650
TranslationProbability,0.983212
