FingersNr,2.000000
FingertipsDistances,92.199400,118.580000,0.000000,0.000000,0.000000
FingertipsDistancesRefined,97.273000,126.300000,0.000000,0.000000,0.000000
FingertipsInterDistances,115.185000,0.000000,0.000000,0.000000
FingertipsPositions,-102.699000,-49.774800,0.000000,0.000000,0.000000,176.705000,261.876000,0.000000,0.000000,0.000000,71.529400,14.851300,0.000000,0.000000,0.000000
HandDirection,-0.708560,0.526190,-0.470177
HandSphereCenter,-28.007000,194.790000,52.843700
HandSphereRadius,63.058200
PalmNormal,-0.112397,-0.741954,-0.660962
PalmPosition,-11.022000,169.069000,77.671000
PalmPositionRefined,-6.844770,163.957000,82.087100
PalmVelocity,-8.031240,-1.747270,-2.810450
RotationAngle,0.000000
RotationAxis,0.000000,0.000000,0.000000
RotationMatrix,1.000000,0.000000,0.000000,0.000000,1.000000,0.000000,0.000000,0.000000,1.000000
RotationProbability,0.000000
ScaleFactor,1.000000
ScaleProbability,0.000000
Translation,0.000000,0.000000,0.000000
TranslationProbability,0.000000
