FingersNr,3.000000
FingertipsDistances,83.523900,113.339000,56.219200,0.000000,0.000000
FingertipsDistancesRefined,80.343000,110.852000,54.829200,0.000000,0.000000
FingertipsInterDistances,110.779000,79.406100,0.000000,0.000000
FingertipsPositions,-5.716430,46.059900,76.736400,0.000000,0.000000,178.668000,266.136000,193.206000,0.000000,0.000000,105.768000,61.717600,54.968200,0.000000,0.000000
HandDirection,-0.478070,0.749022,-0.458711
HandSphereCenter,63.936600,195.713000,95.219900
HandSphereRadius,57.846400
PalmNormal,-0.268884,-0.621992,-0.735410
PalmPosition,76.743300,165.511000,103.892000
PalmPositionRefined,73.742300,167.087000,103.083000
PalmVelocity,-19.968300,-21.158000,13.981000
RotationAngle,0.153874
RotationAxis,0.131043,0.390114,0.911394
RotationMatrix,0.988388,0.140292,-0.058381,-0.139084,0.989983,0.024286,0.061203,-0.015884,0.997999
RotationProbability,0.080878
ScaleFactor,1.002090
ScaleProbability,0.017223
Translation,38.625200,-13.338900,8.792960
TranslationProbability,0.901900
