FingersNr,3.000000
FingertipsDistances,88.610900,113.556000,60.487100,0.000000,0.000000
FingertipsDistancesRefined,86.251300,114.407000,63.308300,0.000000,0.000000
FingertipsInterDistances,117.479000,78.393000,0.000000,0.000000
FingertipsPositions,-80.397200,-29.385200,7.288490,0.000000,0.000000,185.552000,258.311000,191.157000,0.000000,0.000000,68.225300,-8.620340,8.437390,0.000000,0.000000
HandDirection,-0.552837,0.472706,-0.686236
HandSphereCenter,-7.041130,206.159000,51.242000
HandSphereRadius,62.640300
PalmNormal,-0.090060,-0.852597,-0.514750
PalmPosition,8.197820,183.893000,68.479900
PalmPositionRefined,5.789820,184.469000,71.373500
PalmVelocity,0.478523,6.185680,-6.108800
RotationAngle,0.180726
RotationAxis,0.992753,-0.048176,0.110096
RotationMatrix,0.999765,0.019010,0.010440,-0.020568,0.983751,0.178356,-0.006879,-0.178528,0.983911
RotationProbability,0.252081
ScaleFactor,1.011950
ScaleProbability,0.032523
Translation,-1.031230,-4.734220,-8.034760
TranslationProbability,0.715397
