FingersNr,2.000000
FingertipsDistances,86.280800,110.233000,0.000000,0.000000,0.000000
FingertipsDistancesRefined,81.211800,109.091000,0.000000,0.000000,0.000000
FingertipsInterDistances,111.592000,0.000000,0.000000,0.000000
FingertipsPositions,-50.701700,-1.585140,0.000000,0.000000,0.000000,197.396000,262.168000,0.000000,0.000000,0.000000,71.336600,-5.115800,0.000000,0.000000,0.000000
HandDirection,-0.695529,0.601441,-0.393074
HandSphereCenter,18.354500,203.740000,47.507700
HandSphereRadius,60.349300
PalmNormal,-0.243758,-0.712155,-0.658344
PalmPosition,35.031500,188.272000,68.027400
PalmPositionRefined,29.777100,187.162000,67.625200
PalmVelocity,-3.484360,7.499210,-0.619217
RotationAngle,0.181741
RotationAxis,-0.604377,-0.788974,-0.110668
RotationMatrix,0.989546,-0.012149,0.143702,0.027855,0.993782,-0.107798,-0.141499,0.110674,0.983732
RotationProbability,0.225584
ScaleFactor,0.888241
ScaleProbability,0.365060
Translation,26.437500,6.688210,5.776940
TranslationProbability,0.409356
