FingersNr,2.000000
FingertipsDistances,86.022000,109.878000,0.000000,0.000000,0.000000
FingertipsDistancesRefined,79.291200,111.590000,0.000000,0.000000,0.000000
FingertipsInterDistances,111.917000,0.000000,0.000000,0.000000
FingertipsPositions,-41.674700,6.932830,0.000000,0.000000,0.000000,201.602000,271.650000,0.000000,0.000000,0.000000,70.793400,-1.705020,0.000000,0.000000,0.000000
HandDirection,-0.683949,0.629513,-0.368683
HandSphereCenter,26.859500,209.955000,49.233600
HandSphereRadius,60.612400
PalmNormal,-0.259300,-0.682141,-0.683701
PalmPosition,44.072400,195.304000,68.044900
PalmPositionRefined,36.703100,189.893000,68.164900
PalmVelocity,15.950700,9.443340,-10.067300
RotationAngle,0.038509
RotationAxis,-0.988576,-0.013360,0.150130
RotationMatrix,0.999983,0.005789,0.000404,-0.005770,0.999259,-0.038059,-0.000624,0.038056,0.999275
RotationProbability,0.204116
ScaleFactor,0.999334
ScaleProbability,0.144924
Translation,9.183720,6.931440,1.427520
TranslationProbability,0.650960
