FingersNr,2.000000
FingertipsDistances,94.777500,113.733000,0.000000,0.000000,0.000000
FingertipsDistancesRefined,94.257400,115.187000,0.000000,0.000000,0.000000
FingertipsInterDistances,133.648000,0.000000,0.000000,0.000000
FingertipsPositions,-39.943500,33.779200,0.000000,0.000000,0.000000,250.933000,351.838000,0.000000,0.000000,0.000000,126.233000,78.854800,0.000000,0.000000,0.000000
HandDirection,-0.677704,0.668767,-0.305724
HandSphereCenter,31.927500,274.122000,102.912000
HandSphereRadius,62.874800
PalmNormal,0.072571,0.474561,0.877226
PalmPosition,54.706700,252.830000,130.763000
PalmPositionRefined,54.166400,251.425000,131.482000
PalmVelocity,-33.506600,57.670900,12.739700
RotationAngle,0.181162
RotationAxis,0.653341,0.291655,-0.698629
RotationMatrix,0.990620,-0.122756,-0.060018,0.128993,0.985027,0.114380,0.045079,-0.121049,0.991622
RotationProbability,0.164235
ScaleFactor,0.997921
ScaleProbability,0.124003
Translation,-48.874800,-51.766400,-48.971600
TranslationProbability,0.711761
