FingersNr,2.000000
FingertipsDistances,95.605700,117.131000,0.000000,0.000000,0.000000
FingertipsDistancesRefined,97.348100,118.664000,0.000000,0.000000,0.000000
FingertipsInterDistances,134.811000,0.000000,0.000000,0.000000
FingertipsPositions,-32.269200,64.830900,0.000000,0.000000,0.000000,271.248000,345.277000,0.000000,0.000000,0.000000,99.115200,41.970700,0.000000,0.000000,0.000000
HandDirection,-0.498236,0.712978,-0.493380
HandSphereCenter,61.351500,289.070000,82.259500
HandSphereRadius,58.823000
PalmNormal,0.107477,0.615436,0.780825
PalmPosition,60.392400,253.198000,114.230000
PalmPositionRefined,61.782100,251.934000,115.176000
PalmVelocity,-9.610180,-0.146427,9.320560
RotationAngle,0.208980
RotationAxis,-0.338950,0.493426,0.801026
RotationMatrix,0.980743,0.162544,-0.108274,-0.169821,0.983540,-0.061720,0.096460,0.078919,0.992203
RotationProbability,0.307218
ScaleFactor,1.002090
ScaleProbability,0.019790
Translation,18.216500,8.370530,-7.416450
TranslationProbability,0.672991
