FingersNr,2.000000
FingertipsDistances,94.822300,119.396000,0.000000,0.000000,0.000000
FingertipsDistancesRefined,100.363000,124.930000,0.000000,0.000000,0.000000
FingertipsInterDistances,136.699000,0.000000,0.000000,0.000000
FingertipsPositions,-68.814300,4.879790,0.000000,0.000000,0.000000,267.148000,351.303000,0.000000,0.000000,0.000000,62.707800,-15.864100,0.000000,0.000000,0.000000
HandDirection,-0.657532,0.530724,-0.534774
HandSphereCenter,14.513000,290.398000,28.571500
HandSphereRadius,60.797100
PalmNormal,0.052740,0.740471,0.670016
PalmPosition,25.545200,271.830000,70.809500
PalmPositionRefined,31.026300,267.404000,72.933000
PalmVelocity,2.864530,-11.795700,33.815400
RotationAngle,0.241259
RotationAxis,0.524524,-0.499089,-0.689772
RotationMatrix,0.979006,-0.172386,0.108767,0.157222,0.978252,0.135292,-0.129724,-0.115352,0.984818
RotationProbability,0.020636
ScaleFactor,0.994116
ScaleProbability,0.000397
Translation,-47.036900,-0.559618,-47.396900
TranslationProbability,0.978967
