FingersNr,3.000000
FingertipsDistances,91.382800,116.334000,47.918600,0.000000,0.000000
FingertipsDistancesRefined,86.603800,115.197000,48.695500,0.000000,0.000000
FingertipsInterDistances,133.714000,74.326400,0.000000,0.000000
FingertipsPositions,-20.518100,73.924400,81.737100,0.000000,0.000000,255.447000,327.110000,266.680000,0.000000,0.000000,69.675300,7.833400,50.395800,0.000000,0.000000
HandDirection,-0.276015,0.652461,-0.705769
HandSphereCenter,46.225000,252.885000,35.641500
HandSphereRadius,68.946400
PalmNormal,0.073083,0.746415,0.661456
PalmPosition,67.753700,246.632000,91.611600
PalmPositionRefined,62.991400,248.840000,91.646100
PalmVelocity,22.226500,-19.445600,-1.913000
RotationAngle,0.378164
RotationAxis,0.034751,0.596355,0.801968
RotationMatrix,0.929429,0.297563,-0.218214,-0.294635,0.954472,0.046622,0.222153,0.020961,0.974787
RotationProbability,0.128938
ScaleFactor,0.981453
ScaleProbability,0.000384
Translation,53.339900,0.527354,2.431610
TranslationProbability,0.870678
