FingersNr,2.000000
FingertipsDistances,85.145400,102.482000,0.000000,0.000000,0.000000
FingertipsDistancesRefined,85.133600,102.920000,0.000000,0.000000,0.000000
FingertipsInterDistances,135.963000,0.000000,0.000000,0.000000
FingertipsPositions,-62.712600,19.557600,0.000000,0.000000,0.000000,98.918900,167.576000,0.000000,0.000000,0.000000,91.322200,7.634200,0.000000,0.000000,0.000000
HandDirection,-0.429154,0.625307,-0.651781
HandSphereCenter,12.399100,97.559000,56.839900
HandSphereRadius,62.355600
PalmNormal,-0.023077,0.713784,0.699986
PalmPosition,22.110600,106.117000,89.602600
PalmPositionRefined,22.180500,104.982000,89.290500
PalmVelocity,0.030426,40.335400,12.803900
RotationAngle,0.146903
RotationAxis,-0.237202,0.952497,0.191008
RotationMatrix,0.989835,0.025525,-0.139910,-0.030392,0.999001,-0.032761,0.138934,0.036680,0.989622
RotationProbability,0.000000
ScaleFactor,1.170910
ScaleProbability,0.000000
Translation,3.696100,-101.447000,19.328000
TranslationProbability,1.000000
