FingersNr,2.000000
FingertipsDistances,83.166800,100.193000,0.000000,0.000000,0.000000
FingertipsDistancesRefined,83.656200,101.201000,0.000000,0.000000,0.000000
FingertipsInterDistances,133.520000,0.000000,0.000000,0.000000
FingertipsPositions,19.658000,108.936000,0.000000,0.000000,0.000000,115.860000,176.311000,0.000000,0.000000,0.000000,100.312000,21.554100,0.000000,0.000000,0.000000
HandDirection,-0.525224,0.566643,-0.634866
HandSphereCenter,95.856700,110.224000,72.791600
HandSphereRadius,62.100500
PalmNormal,0.031786,-0.732471,-0.680055
PalmPosition,102.634000,119.961000,104.160000
PalmPositionRefined,103.199000,118.062000,104.112000
PalmVelocity,-11.628800,20.922800,4.105470
RotationAngle,0.198273
RotationAxis,0.777525,-0.278257,-0.563939
RotationMatrix,0.992252,-0.115321,0.046220,0.106844,0.981925,0.156229,-0.063401,-0.150080,0.986639
RotationProbability,0.000000
ScaleFactor,0.945179
ScaleProbability,0.000000
Translation,48.487600,-158.437000,11.711100
TranslationProbability,1.000000
