FingersNr,2.000000
FingertipsDistances,89.411900,112.473000,0.000000,0.000000,0.000000
FingertipsDistancesRefined,86.188100,111.960000,0.000000,0.000000,0.000000
FingertipsInterDistances,132.363000,0.000000,0.000000,0.000000
FingertipsPositions,-103.075000,-24.492000,0.000000,0.000000,0.000000,194.587000,257.967000,0.000000,0.000000,0.000000,83.494000,-2.107280,0.000000,0.000000,0.000000
HandDirection,-0.584848,0.559960,-0.586854
HandSphereCenter,-25.254800,218.388000,63.635600
HandSphereRadius,60.253400
PalmNormal,0.006490,-0.720237,-0.693698
PalmPosition,-13.921300,188.067000,85.371400
PalmPositionRefined,-17.126100,188.452000,85.348300
PalmVelocity,24.133600,-0.335212,6.410510
RotationAngle,0.085928
RotationAxis,-0.260229,-0.777421,-0.572624
RotationMatrix,0.996560,-0.048398,0.067270,0.049891,0.998540,-0.020691,-0.066171,0.023976,0.997520
RotationProbability,0.000000
ScaleFactor,1.031380
ScaleProbability,0.000000
Translation,-126.701000,78.618100,-19.965700
TranslationProbability,1.000000
