FingersNr,3.000000
FingertipsDistances,71.874100,108.700000,38.158500,0.000000,0.000000
FingertipsDistancesRefined,71.869500,108.686000,38.151300,0.000000,0.000000
FingertipsInterDistances,107.404000,81.954900,0.000000,0.000000
FingertipsPositions,52.738600,111.093000,116.499000,0.000000,0.000000,197.945000,280.964000,201.830000,0.000000,0.000000,142.010000,106.822000,127.439000,0.000000,0.000000
HandDirection,-0.401084,0.704982,-0.584921
HandSphereCenter,112.006000,227.376000,128.356000
HandSphereRadius,54.822800
PalmNormal,-0.067042,-0.659410,-0.748788
PalmPosition,120.845000,188.339000,162.868000
PalmPositionRefined,120.843000,188.355000,162.867000
PalmVelocity,18.333900,-131.148000,12.075600
RotationAngle,0.226708
RotationAxis,-0.195605,0.647275,0.736732
RotationMatrix,0.975391,0.162356,-0.149176,-0.168836,0.985132,-0.031764,0.141801,0.056169,0.988300
RotationProbability,0.000052
ScaleFactor,0.939296
ScaleProbability,0.000000
Translation,-7.797050,-85.658400,37.830600
TranslationProbability,0.999947
