FingersNr,2.000000
FingertipsDistances,86.333000,112.768000,0.000000,0.000000,0.000000
FingertipsDistancesRefined,86.812300,112.185000,0.000000,0.000000,0.000000
FingertipsInterDistances,120.877000,0.000000,0.000000,0.000000
FingertipsPositions,-80.376800,-33.359900,0.000000,0.000000,0.000000,244.689000,348.002000,0.000000,0.000000,0.000000,62.986400,21.426900,0.000000,0.000000,0.000000
HandDirection,-0.742962,0.571669,-0.348140
HandSphereCenter,-10.760100,284.408000,54.753700
HandSphereRadius,65.585800
PalmNormal,-0.058269,-0.573396,-0.817204
PalmPosition,3.270490,258.441000,79.339100
PalmPositionRefined,3.664240,259.232000,79.172500
PalmVelocity,11.909300,-8.327590,-0.362772
RotationAngle,0.130958
RotationAxis,-0.457929,-0.864757,-0.206145
RotationMatrix,0.993233,-0.023529,0.113732,0.030310,0.997841,-0.058272,-0.112116,0.061325,0.991801
RotationProbability,0.000017
ScaleFactor,1.018900
ScaleProbability,0.000000
Translation,-78.608400,4.931360,-9.761280
TranslationProbability,0.999983
