FingersNr,2.000000
FingertipsDistances,90.169300,124.129000,0.000000,0.000000,0.000000
FingertipsDistancesRefined,90.491100,124.545000,0.000000,0.000000,0.000000
FingertipsInterDistances,111.480000,0.000000,0.000000,0.000000
FingertipsPositions,-140.348000,-101.595000,0.000000,0.000000,0.000000,254.097000,350.951000,0.000000,0.000000,0.000000,90.010300,50.697100,0.000000,0.000000,0.000000
HandDirection,-0.738201,0.370230,-0.563906
HandSphereCenter,-73.629900,308.822000,118.909000
HandSphereRadius,77.537100
PalmNormal,0.049739,-0.803787,-0.592835
PalmPosition,-51.466300,251.172000,104.913000
PalmPositionRefined,-51.228200,251.043000,105.407000
PalmVelocity,-5.886210,22.439900,-15.465000
RotationAngle,0.236453
RotationAxis,0.940425,0.226920,-0.253195
RotationMatrix,0.996783,-0.053375,-0.059783,0.065251,0.973608,0.218702,0.046532,-0.221900,0.973959
RotationProbability,0.000111
ScaleFactor,0.927387
ScaleProbability,0.000002
Translation,-63.827400,5.670020,25.926600
TranslationProbability,0.999886
