FingersNr,3.000000
FingertipsDistances,86.027000,31.845400,91.688700,0.000000,0.000000
FingertipsDistancesRefined,86.767600,32.175600,92.375700,0.000000,0.000000
FingertipsInterDistances,80.620900,71.206800,0.000000,0.000000
FingertipsPositions,71.055300,113.983000,114.602000,0.000000,0.000000,282.358000,218.077000,279.681000,0.000000,0.000000,169.258000,192.170000,156.463000,0.000000,0.000000
HandDirection,0.226282,0.807580,-0.544620
HandSphereCenter,89.625600,221.661000,179.464000
HandSphereRadius,57.666200
PalmNormal,-0.297974,-0.474928,-0.828043
PalmPosition,92.365600,212.626000,214.909000
PalmPositionRefined,92.459100,211.996000,215.300000
PalmVelocity,-1.091580,7.267450,4.875370
RotationAngle,0.187504
RotationAxis,0.418424,-0.167180,0.892733
RotationMatrix,0.985541,0.165186,0.037711,-0.167638,0.982962,0.075382,-0.024616,-0.080613,0.996441
RotationProbability,0.000002
ScaleFactor,0.728162
ScaleProbability,0.000000
Translation,7.967430,-88.467400,2.149890
TranslationProbability,0.999998
