FingersNr,2.000000
FingertipsDistances,97.650600,99.417400,0.000000,0.000000,0.000000
FingertipsDistancesRefined,97.637900,99.553000,0.000000,0.000000,0.000000
FingertipsInterDistances,49.126200,0.000000,0.000000,0.000000
FingertipsPositions,-47.130600,-1.799650,0.000000,0.000000,0.000000,279.814000,275.804000,0.000000,0.000000,0.000000,159.001000,140.497000,0.000000,0.000000,0.000000
HandDirection,-0.080310,0.846689,-0.525993
HandSphereCenter,-10.238800,221.284000,176.290000
HandSphereRadius,56.662300
PalmNormal,0.060573,-0.522576,-0.850438
PalmPosition,-11.545400,202.639000,207.098000
PalmPositionRefined,-11.485200,203.201000,207.919000
PalmVelocity,3.254400,-30.494800,-43.477100
RotationAngle,0.374316
RotationAxis,-0.051535,0.161519,-0.985523
RotationMatrix,0.930942,-0.360919,-0.055540,0.359766,0.932565,-0.029865,0.062574,0.007821,0.998010
RotationProbability,0.000001
ScaleFactor,0.978981
ScaleProbability,0.000000
Translation,-113.181000,-9.103750,-12.254300
TranslationProbability,0.999999
