FingersNr,2.000000
FingertipsDistances,100.762000,101.006000,0.000000,0.000000,0.000000
FingertipsDistancesRefined,100.390000,100.874000,0.000000,0.000000,0.000000
FingertipsInterDistances,50.431900,0.000000,0.000000,0.000000
FingertipsPositions,-113.704000,-69.596600,0.000000,0.000000,0.000000,281.180000,278.361000,0.000000,0.000000,0.000000,164.384000,140.094000,0.000000,0.000000,0.000000
HandDirection,-0.219026,0.841979,-0.493051
HandSphereCenter,-69.175500,224.957000,182.184000
HandSphereRadius,57.044300
PalmNormal,0.088700,-0.486046,-0.869420
PalmPosition,-66.789700,203.013000,207.302000
PalmPositionRefined,-67.390400,203.075000,207.195000
PalmVelocity,18.917600,-2.669200,11.916000
RotationAngle,0.140992
RotationAxis,-0.189761,-0.483365,-0.854605
RotationMatrix,0.990434,-0.119184,0.069535,0.121004,0.992395,-0.022567,-0.066316,0.030765,0.997324
RotationProbability,0.000034
ScaleFactor,0.992751
ScaleProbability,0.000000
Translation,-68.813100,2.600530,2.134080
TranslationProbability,0.999966
