FingersNr,2.000000
FingertipsDistances,109.635000,111.000000,0.000000,0.000000,0.000000
FingertipsDistancesRefined,109.851000,111.154000,0.000000,0.000000,0.000000
FingertipsInterDistances,49.722000,0.000000,0.000000,0.000000
FingertipsPositions,-101.293000,-57.043900,0.000000,0.000000,0.000000,359.838000,361.107000,0.000000,0.000000,0.000000,136.329000,113.687000,0.000000,0.000000,0.000000
HandDirection,-0.195642,0.826585,-0.527713
HandSphereCenter,-63.906400,301.799000,149.603000
HandSphereRadius,56.723600
PalmNormal,0.094486,-0.519721,-0.849095
PalmPosition,-54.115700,268.951000,175.490000
PalmPositionRefined,-53.926100,268.821000,175.563000
PalmVelocity,-0.745045,-24.286900,15.332400
RotationAngle,0.031893
RotationAxis,0.786731,0.552453,-0.275408
RotationMatrix,0.999806,-0.008562,-0.017728,0.009004,0.999647,0.025012,0.017508,-0.025167,0.999530
RotationProbability,0.000001
ScaleFactor,0.963691
ScaleProbability,0.000000
Translation,9.964970,76.665300,-26.418700
TranslationProbability,0.999999
