FingersNr,2.000000
FingertipsDistances,112.743000,111.484000,0.000000,0.000000,0.000000
FingertipsDistancesRefined,112.059000,110.788000,0.000000,0.000000,0.000000
FingertipsInterDistances,50.445800,0.000000,0.000000,0.000000
FingertipsPositions,-100.649000,-56.069700,0.000000,0.000000,0.000000,416.442000,416.734000,0.000000,0.000000,0.000000,134.409000,110.800000,0.000000,0.000000,0.000000
HandDirection,-0.224702,0.819310,-0.527485
HandSphereCenter,-58.801500,369.104000,163.843000
HandSphereRadius,61.213900
PalmNormal,0.074340,-0.525337,-0.847641
PalmPosition,-49.831000,322.054000,169.329000
PalmPositionRefined,-49.953100,322.715000,169.083000
PalmVelocity,-8.837190,19.605400,-21.028200
RotationAngle,0.027751
RotationAxis,0.203305,-0.802698,-0.560664
RotationMatrix,0.999631,-0.015621,0.022230,0.015495,0.999863,0.005815,-0.022318,-0.005468,0.999736
RotationProbability,0.000042
ScaleFactor,0.851866
ScaleProbability,0.000113
Translation,1.197840,58.412000,-3.691850
TranslationProbability,0.999845
