FingersNr,2.000000
FingertipsDistances,99.560700,104.438000,0.000000,0.000000,0.000000
FingertipsDistancesRefined,98.410800,103.818000,0.000000,0.000000,0.000000
FingertipsInterDistances,50.241400,0.000000,0.000000,0.000000
FingertipsPositions,-42.377700,4.049480,0.000000,0.000000,0.000000,417.096000,422.450000,0.000000,0.000000,0.000000,138.284000,119.843000,0.000000,0.000000,0.000000
HandDirection,-0.157639,0.878927,-0.450153
HandSphereCenter,-8.457020,368.345000,152.981000
HandSphereRadius,57.423600
PalmNormal,-0.055364,-0.463002,-0.884627
PalmPosition,-0.266051,336.871000,179.549000
PalmPositionRefined,-1.509530,337.512000,179.281000
PalmVelocity,4.260980,23.097000,-14.585700
RotationAngle,0.120794
RotationAxis,-0.354652,-0.149884,0.922907
RotationMatrix,0.993630,0.111598,0.015676,-0.110823,0.992877,-0.043744,-0.020446,0.041728,0.998920
RotationProbability,0.000000
ScaleFactor,0.277165
ScaleProbability,0.998948
Translation,59.985000,-3.352970,5.389770
TranslationProbability,0.001052
