FingersNr,2.000000
FingertipsDistances,103.965000,104.731000,0.000000,0.000000,0.000000
FingertipsDistancesRefined,103.221000,103.911000,0.000000,0.000000,0.000000
FingertipsInterDistances,50.745900,0.000000,0.000000,0.000000
FingertipsPositions,-10.143800,37.271200,0.000000,0.000000,0.000000,417.778000,418.232000,0.000000,0.000000,0.000000,142.525000,124.448000,0.000000,0.000000,0.000000
HandDirection,-0.124518,0.891295,-0.435990
HandSphereCenter,26.458500,362.601000,151.284000
HandSphereRadius,56.876000
PalmNormal,-0.146734,-0.451120,-0.880318
PalmPosition,31.781600,331.933000,183.534000
PalmPositionRefined,32.465600,333.856000,184.905000
PalmVelocity,-8.392310,4.415190,3.819090
RotationAngle,0.107685
RotationAxis,0.314264,-0.383732,0.868325
RotationMatrix,0.994780,0.092626,0.042823,-0.094023,0.995061,0.031846,-0.039662,-0.035706,0.998575
RotationProbability,0.000000
ScaleFactor,0.052588
ScaleProbability,0.999995
Translation,33.066500,-0.813884,3.856900
TranslationProbability,0.000005
