FingersNr,3.000000
FingertipsDistances,81.621800,100.826000,49.949500,0.000000,0.000000
FingertipsDistancesRefined,86.223000,100.900000,49.422200,0.000000,0.000000
FingertipsInterDistances,102.442000,59.705300,0.000000,0.000000
FingertipsPositions,-11.990700,43.816900,67.264200,0.000000,0.000000,203.961000,252.614000,203.359000,0.000000,0.000000,194.314000,123.514000,147.781000,0.000000,0.000000
HandDirection,-0.438206,0.683639,-0.583621
HandSphereCenter,54.871700,189.381000,168.859000
HandSphereRadius,59.334800
PalmNormal,-0.206757,-0.708530,-0.674713
PalmPosition,67.265500,184.455000,194.015000
PalmPositionRefined,72.359100,186.092000,193.807000
PalmVelocity,3.757960,-12.026400,14.198700
RotationAngle,0.028830
RotationAxis,0.279258,0.959617,-0.033922
RotationMatrix,0.999617,-0.000866,-0.027664,0.001089,0.999967,0.008036,0.027656,-0.008063,0.999585
RotationProbability,0.179761
ScaleFactor,0.942829
ScaleProbability,0.372599
Translation,-11.789100,-7.755850,-2.236090
TranslationProbability,0.447640
