FingersNr,2.000000
FingertipsDistances,87.708900,113.443000,0.000000,0.000000,0.000000
FingertipsDistancesRefined,88.953100,112.252000,0.000000,0.000000,0.000000
FingertipsInterDistances,125.684000,0.000000,0.000000,0.000000
FingertipsPositions,-74.351600,3.802770,0.000000,0.000000,0.000000,265.837000,355.111000,0.000000,0.000000,0.000000,202.137000,160.682000,0.000000,0.000000,0.000000
HandDirection,-0.590989,0.728027,-0.347430
HandSphereCenter,-0.354681,280.223000,183.058000
HandSphereRadius,64.073800
PalmNormal,-0.164382,-0.530342,-0.831694
PalmPosition,11.948300,250.208000,203.088000
PalmPositionRefined,13.535800,252.385000,204.876000
PalmVelocity,-28.956500,-46.484900,-45.429900
RotationAngle,0.000000
RotationAxis,0.000000,0.000000,0.000000
RotationMatrix,1.000000,0.000000,0.000000,0.000000,1.000000,0.000000,0.000000,0.000000,1.000000
RotationProbability,0.000000
ScaleFactor,1.000000
ScaleProbability,0.000000
Translation,0.000000,0.000000,0.000000
TranslationProbability,0.000000
