FingersNr,3.000000
FingertipsDistances,85.475100,111.490000,52.917200,0.000000,0.000000
FingertipsDistancesRefined,86.874200,112.228000,53.296800,0.000000,0.000000
FingertipsInterDistances,119.217000,74.787000,0.000000,0.000000
FingertipsPositions,-28.387000,45.980200,62.982300,0.000000,0.000000,259.350000,342.197000,269.647000,0.000000,0.000000,193.733000,151.089000,157.457000,0.000000,0.000000
HandDirection,-0.385640,0.786952,-0.481652
HandSphereCenter,42.745400,267.132000,178.812000
HandSphereRadius,60.607100
PalmNormal,-0.085350,-0.550221,-0.830646
PalmPosition,55.177700,244.003000,203.083000
PalmPositionRefined,56.472900,243.477000,203.427000
PalmVelocity,-5.582450,-22.175600,7.943060
RotationAngle,0.125728
RotationAxis,0.227708,0.812618,0.536471
RotationMatrix,0.992516,0.068733,-0.100936,-0.065811,0.997319,0.031995,0.102864,-0.025113,0.994378
RotationProbability,0.002645
ScaleFactor,0.923105
ScaleProbability,0.000103
Translation,44.047300,-10.873700,-9.884000
TranslationProbability,0.997252
