FingersNr,2.000000
FingertipsDistances,83.371000,111.064000,0.000000,0.000000,0.000000
FingertipsDistancesRefined,83.936600,111.290000,0.000000,0.000000,0.000000
FingertipsInterDistances,114.457000,0.000000,0.000000,0.000000
FingertipsPositions,-96.161200,-36.766100,0.000000,0.000000,0.000000,256.180000,334.895000,0.000000,0.000000,0.000000,204.289000,146.181000,0.000000,0.000000,0.000000
HandDirection,-0.587968,0.690321,-0.421604
HandSphereCenter,-15.662000,268.046000,186.467000
HandSphereRadius,63.267100
PalmNormal,-0.157687,-0.609038,-0.777308
PalmPosition,-13.867300,242.827000,203.925000
PalmPositionRefined,-13.307500,242.744000,204.004000
PalmVelocity,-185.488000,32.880400,-31.207200
RotationAngle,0.245301
RotationAxis,0.158606,-0.761594,-0.628346
RotationMatrix,0.970817,-0.156209,0.181969,0.148977,0.987428,0.052843,-0.187935,-0.024192,0.981883
RotationProbability,0.000410
ScaleFactor,0.963701
ScaleProbability,0.000004
Translation,-71.497300,-3.581090,2.188360
TranslationProbability,0.999586
