FingersNr,2.000000
FingertipsDistances,82.978400,110.554000,0.000000,0.000000,0.000000
FingertipsDistancesRefined,83.606900,110.955000,0.000000,0.000000,0.000000
FingertipsInterDistances,111.841000,0.000000,0.000000,0.000000
FingertipsPositions,-120.845000,-63.941600,0.000000,0.000000,0.000000,263.914000,340.001000,0.000000,0.000000,0.000000,188.372000,129.370000,0.000000,0.000000,0.000000
HandDirection,-0.645192,0.677092,-0.353940
HandSphereCenter,-50.793800,269.694000,163.941000
HandSphereRadius,65.157900
PalmNormal,-0.175732,-0.582354,-0.793714
PalmPosition,-39.023700,250.110000,188.707000
PalmPositionRefined,-38.415800,249.942000,188.944000
PalmVelocity,-26.006800,2.042250,-12.325000
RotationAngle,0.087750
RotationAxis,-0.127150,-0.795347,-0.592668
RotationMatrix,0.996215,-0.051551,0.069992,0.052329,0.998586,-0.009329,-0.069413,0.012957,0.997504
RotationProbability,0.021726
ScaleFactor,0.935745
ScaleProbability,0.020001
Translation,-27.059800,4.571530,-15.761500
TranslationProbability,0.958272
