FingersNr,2.000000
FingertipsDistances,84.004200,105.704000,0.000000,0.000000,0.000000
FingertipsDistancesRefined,82.141500,107.404000,0.000000,0.000000,0.000000
FingertipsInterDistances,106.632000,0.000000,0.000000,0.000000
FingertipsPositions,-17.564600,45.945000,0.000000,0.000000,0.000000,210.259000,269.306000,0.000000,0.000000,0.000000,142.500000,80.448400,0.000000,0.000000,0.000000
HandDirection,-0.588473,0.633006,-0.502993
HandSphereCenter,49.966400,202.679000,121.328000
HandSphereRadius,59.355100
PalmNormal,-0.157905,-0.700120,-0.696346
PalmPosition,64.018600,191.621000,149.815000
PalmPositionRefined,60.352600,184.337000,144.544000
PalmVelocity,8.757360,12.111200,8.534480
RotationAngle,0.056842
RotationAxis,0.703212,0.358589,0.613928
RotationMatrix,0.999184,0.035284,-0.019674,-0.034470,0.998593,0.040305,0.021069,-0.039594,0.998994
RotationProbability,0.104089
ScaleFactor,1.001730
ScaleProbability,0.041448
Translation,6.585090,-10.293300,-8.835130
TranslationProbability,0.854463
