FingersNr,1.000000
FingertipsDistances,88.909100,0.000000,0.000000,0.000000,0.000000
FingertipsDistancesRefined,95.300700,0.000000,0.000000,0.000000,0.000000
FingertipsInterDistances,0.000000,0.000000,0.000000,0.000000
FingertipsPositions,-77.555800,0.000000,0.000000,0.000000,0.000000,201.666000,0.000000,0.000000,0.000000,0.000000,94.590900,0.000000,0.000000,0.000000,0.000000
HandDirection,-0.658890,0.677715,-0.326447
HandSphereCenter,-0.080040,228.204000,81.845500
HandSphereRadius,71.653600
PalmNormal,-0.234183,-0.597201,-0.767144
PalmPosition,8.289350,178.550000,93.554400
PalmPositionRefined,15.381300,181.429000,100.539000
PalmVelocity,-22.039700,-43.183300,-34.641300
RotationAngle,0.074204
RotationAxis,-0.527798,-0.825835,0.198558
RotationMatrix,0.998015,0.015920,0.060935,-0.013521,0.999125,-0.039579,-0.061511,0.038677,0.997357
RotationProbability,0.006050
ScaleFactor,0.942398
ScaleProbability,0.002617
Translation,-11.699500,-14.340000,26.782100
TranslationProbability,0.991332
