FingersNr,3.000000
FingertipsDistances,94.022000,114.279000,59.949100,0.000000,0.000000
FingertipsDistancesRefined,94.906500,109.903000,56.174700,0.000000,0.000000
FingertipsInterDistances,127.102000,70.283100,0.000000,0.000000
FingertipsPositions,-62.066600,11.192000,39.703400,0.000000,0.000000,236.161000,328.413000,264.246000,0.000000,0.000000,122.532000,74.806600,77.864700,0.000000,0.000000
HandDirection,-0.452213,0.713754,-0.534845
HandSphereCenter,14.612800,256.999000,111.015000
HandSphereRadius,63.043400
PalmNormal,-0.027525,-0.610545,-0.791503
PalmPosition,31.540300,227.577000,124.584000
PalmPositionRefined,32.755900,232.298000,123.545000
PalmVelocity,-13.640800,-4.674410,-4.401300
RotationAngle,0.000000
RotationAxis,0.000000,0.000000,0.000000
RotationMatrix,1.000000,0.000000,0.000000,0.000000,1.000000,0.000000,0.000000,0.000000,1.000000
RotationProbability,0.000000
ScaleFactor,1.000000
ScaleProbability,0.000000
Translation,0.000000,0.000000,0.000000
TranslationProbability,0.000000
