FingersNr,3.000000
FingertipsDistances,93.904800,112.947000,59.675800,0.000000,0.000000
FingertipsDistancesRefined,90.781000,108.277000,58.093300,0.000000,0.000000
FingertipsInterDistances,127.001000,69.074700,0.000000,0.000000
FingertipsPositions,-53.610600,28.488700,53.949900,0.000000,0.000000,226.263000,316.811000,252.952000,0.000000,0.000000,104.567000,70.072800,76.785600,0.000000,0.000000
HandDirection,-0.409176,0.698377,-0.587235
HandSphereCenter,20.970400,243.172000,99.861900
HandSphereRadius,61.629300
PalmNormal,0.080933,-0.613262,-0.785722
PalmPosition,38.253500,216.757000,121.560000
PalmPositionRefined,35.298200,222.305000,122.477000
PalmVelocity,7.304420,2.339450,17.405600
RotationAngle,0.093153
RotationAxis,-0.007734,0.643472,-0.765431
RotationMatrix,0.995665,-0.071221,-0.059829,0.071178,0.997460,-0.002855,0.059881,-0.001416,0.998205
RotationProbability,0.400504
ScaleFactor,0.957778
ScaleProbability,0.090889
Translation,12.485700,-10.460300,-11.223200
TranslationProbability,0.508608
