FingersNr,2.000000
FingertipsDistances,93.477500,113.157000,0.000000,0.000000,0.000000
FingertipsDistancesRefined,87.669900,106.882000,0.000000,0.000000,0.000000
FingertipsInterDistances,124.597000,0.000000,0.000000,0.000000
FingertipsPositions,-47.488000,32.387400,0.000000,0.000000,0.000000,222.289000,312.364000,0.000000,0.000000,0.000000,104.841000,72.736300,0.000000,0.000000,0.000000
HandDirection,-0.537538,0.678280,-0.500988
HandSphereCenter,27.268400,240.472000,101.162000
HandSphereRadius,62.855400
PalmNormal,0.015684,-0.585978,-0.810175
PalmPosition,44.288900,208.483000,115.997000
PalmPositionRefined,38.574000,217.056000,120.715000
PalmVelocity,0.987157,12.660100,-26.761400
RotationAngle,0.110617
RotationAxis,-0.164204,-0.824471,-0.541557
RotationMatrix,0.994053,-0.058956,0.091559,0.060611,0.998043,-0.015398,-0.090472,0.020856,0.995681
RotationProbability,0.692755
ScaleFactor,0.963640
ScaleProbability,0.087173
Translation,3.797960,-3.533330,1.247760
TranslationProbability,0.220072
