FingersNr,2.000000
FingertipsDistances,92.564000,119.835000,0.000000,0.000000,0.000000
FingertipsDistancesRefined,93.060800,123.925000,0.000000,0.000000,0.000000
FingertipsInterDistances,112.904000,0.000000,0.000000,0.000000
FingertipsPositions,-44.247000,26.867000,0.000000,0.000000,0.000000,220.162000,299.799000,0.000000,0.000000,0.000000,112.103000,75.387600,0.000000,0.000000,0.000000
HandDirection,-0.559428,0.709512,-0.428524
HandSphereCenter,26.474500,228.750000,104.390000
HandSphereRadius,60.116700
PalmNormal,-0.073140,-0.557231,-0.827130
PalmPosition,42.950700,192.078000,125.367000
PalmPositionRefined,41.847900,187.834000,126.346000
PalmVelocity,-0.692470,14.631200,-9.475790
RotationAngle,0.228832
RotationAxis,-0.041642,0.774727,0.630924
RotationMatrix,0.973977,0.142278,-0.176425,-0.143960,0.989578,0.003296,0.175055,0.022188,0.984309
RotationProbability,0.105860
ScaleFactor,0.962066
ScaleProbability,0.001316
Translation,29.316200,6.177410,-19.548000
TranslationProbability,0.892824
