FingersNr,2.000000
FingertipsDistances,90.686200,113.917000,0.000000,0.000000,0.000000
FingertipsDistancesRefined,95.680000,132.568000,0.000000,0.000000,0.000000
FingertipsInterDistances,119.261000,0.000000,0.000000,0.000000
FingertipsPositions,-33.000200,33.901300,0.000000,0.000000,0.000000,197.046000,283.630000,0.000000,0.000000,0.000000,73.294900,25.854300,0.000000,0.000000,0.000000
HandDirection,-0.568125,0.677989,-0.466439
HandSphereCenter,39.814900,213.780000,60.208600
HandSphereRadius,61.809300
PalmNormal,-0.085382,-0.612297,-0.786004
PalmPosition,56.768200,185.771000,79.498700
PalmPositionRefined,55.073700,181.011000,107.067000
PalmVelocity,-1.109820,-5.827540,-19.485800
RotationAngle,0.382290
RotationAxis,-0.378850,-0.524347,-0.762583
RotationMatrix,0.938174,-0.270139,0.216461,0.298819,0.947660,-0.112464,-0.174751,0.170193,0.969792
RotationProbability,0.656346
ScaleFactor,1.286630
ScaleProbability,0.008723
Translation,-119.399000,86.987000,27.216500
TranslationProbability,0.334931
