FingersNr,2.000000
FingertipsDistances,89.682000,113.489000,0.000000,0.000000,0.000000
FingertipsDistancesRefined,92.771900,115.855000,0.000000,0.000000,0.000000
FingertipsInterDistances,115.609000,0.000000,0.000000,0.000000
FingertipsPositions,-67.547700,0.722255,0.000000,0.000000,0.000000,211.828000,294.936000,0.000000,0.000000,0.000000,68.452100,26.051800,0.000000,0.000000,0.000000
HandDirection,-0.565025,0.676727,-0.472003
HandSphereCenter,8.821640,229.860000,63.403800
HandSphereRadius,64.562100
PalmNormal,-0.079028,-0.613833,-0.785471
PalmPosition,20.204300,195.267000,76.709300
PalmPositionRefined,22.952800,193.617000,77.652200
PalmVelocity,-25.753200,30.105000,-22.168600
RotationAngle,0.010347
RotationAxis,-0.118533,0.735741,-0.666810
RotationMatrix,0.999947,-0.006907,-0.007611,0.006897,0.999975,-0.001253,0.007620,0.001201,0.999970
RotationProbability,0.002737
ScaleFactor,0.971838
ScaleProbability,0.000578
Translation,-33.163900,12.438700,-2.582820
TranslationProbability,0.996684
