FingersNr,2.000000
FingertipsDistances,87.713200,99.113900,0.000000,0.000000,0.000000
FingertipsDistancesRefined,87.106000,99.285400,0.000000,0.000000,0.000000
FingertipsInterDistances,130.521000,0.000000,0.000000,0.000000
FingertipsPositions,-100.761000,-13.123600,0.000000,0.000000,0.000000,108.258000,174.986000,0.000000,0.000000,0.000000,98.799300,28.779200,0.000000,0.000000,0.000000
HandDirection,-0.469714,0.730796,-0.495283
HandSphereCenter,-21.242300,117.023000,81.196400
HandSphereRadius,58.612800
PalmNormal,-0.032280,-0.574867,-0.817610
PalmPosition,-13.138200,104.304000,98.260800
PalmPositionRefined,-13.768000,103.875000,98.064500
PalmVelocity,44.421200,24.919200,16.348200
RotationAngle,0.104190
RotationAxis,-0.074049,-0.941950,-0.327486
RotationMatrix,0.994607,-0.033681,0.098095,0.034437,0.999389,-0.006028,-0.097832,0.009374,0.995159
RotationProbability,0.000000
ScaleFactor,0.974992
ScaleProbability,0.000000
Translation,-105.283000,-19.239300,-1.571000
TranslationProbability,1.000000
