FingersNr,2.000000
FingertipsDistances,91.621900,110.657000,0.000000,0.000000,0.000000
FingertipsDistancesRefined,87.062800,111.790000,0.000000,0.000000,0.000000
FingertipsInterDistances,147.243000,0.000000,0.000000,0.000000
FingertipsPositions,-27.722100,58.897300,0.000000,0.000000,0.000000,158.009000,225.935000,0.000000,0.000000,0.000000,90.285100,-7.508650,0.000000,0.000000,0.000000
HandDirection,-0.600800,0.533662,-0.595184
HandSphereCenter,50.460000,164.043000,45.031700
HandSphereRadius,57.502400
PalmNormal,0.051651,0.768898,0.637281
PalmPosition,63.250700,157.586000,79.407100
PalmPositionRefined,57.805700,151.114000,75.542000
PalmVelocity,-3.984880,8.098700,-3.975380
RotationAngle,0.000000
RotationAxis,0.000000,0.000000,0.000000
RotationMatrix,1.000000,0.000000,0.000000,0.000000,1.000000,0.000000,0.000000,0.000000,1.000000
RotationProbability,0.000000
ScaleFactor,1.000000
ScaleProbability,0.000000
Translation,0.000000,0.000000,0.000000
TranslationProbability,0.000000
