FingersNr,2.000000
FingertipsDistances,88.736200,108.243000,0.000000,0.000000,0.000000
FingertipsDistancesRefined,92.106000,110.704000,0.000000,0.000000,0.000000
FingertipsInterDistances,144.158000,0.000000,0.000000,0.000000
FingertipsPositions,23.577500,114.082000,0.000000,0.000000,0.000000,168.648000,239.242000,0.000000,0.000000,0.000000,88.610600,1.393870,0.000000,0.000000,0.000000
HandDirection,-0.550355,0.550859,-0.627426
HandSphereCenter,100.319000,172.736000,47.024600
HandSphereRadius,59.398800
PalmNormal,0.006500,0.754275,0.656526
PalmPosition,112.224000,171.292000,85.631400
PalmPositionRefined,115.665000,168.816000,86.792800
PalmVelocity,-0.308786,-3.892390,5.020930
RotationAngle,0.064605
RotationAxis,-0.471523,0.881171,0.034687
RotationMatrix,0.998378,0.001373,-0.056922,-0.003106,0.999534,-0.030377,0.056854,0.030505,0.997916
RotationProbability,0.089989
ScaleFactor,1.053810
ScaleProbability,0.142128
Translation,53.207200,11.796800,3.910890
TranslationProbability,0.767883
