FingersNr,2.000000
FingertipsDistances,84.625100,112.366000,0.000000,0.000000,0.000000
FingertipsDistancesRefined,81.676900,112.132000,0.000000,0.000000,0.000000
FingertipsInterDistances,134.423000,0.000000,0.000000,0.000000
FingertipsPositions,-64.795000,11.879200,0.000000,0.000000,0.000000,202.748000,269.331000,0.000000,0.000000,0.000000,74.858600,-13.216800,0.000000,0.000000,0.000000
HandDirection,-0.592382,0.553393,-0.585525
HandSphereCenter,5.643310,211.874000,43.935900
HandSphereRadius,59.884500
PalmNormal,0.040230,0.746179,0.664529
PalmPosition,19.741200,198.958000,74.029900
PalmPositionRefined,16.798400,199.136000,74.087300
PalmVelocity,2.987780,-8.145150,-3.848630
RotationAngle,0.067268
RotationAxis,0.009855,-0.968897,-0.247268
RotationMatrix,0.997739,-0.016642,0.065121,0.016599,0.999861,0.001204,-0.065132,-0.000121,0.997877
RotationProbability,0.000205
ScaleFactor,1.036760
ScaleProbability,0.000039
Translation,-95.104000,32.128400,-14.380400
TranslationProbability,0.999757
