FingersNr,3.000000
FingertipsDistances,87.410800,113.761000,47.136500,0.000000,0.000000
FingertipsDistancesRefined,87.258200,113.309000,47.105500,0.000000,0.000000
FingertipsInterDistances,137.424000,81.099400,0.000000,0.000000
FingertipsPositions,-31.524800,58.996500,73.218100,0.000000,0.000000,280.427000,355.425000,283.439000,0.000000,0.000000,89.306800,18.128600,52.665100,0.000000,0.000000
HandDirection,-0.258040,0.736110,-0.625746
HandSphereCenter,38.431800,288.630000,63.362900
HandSphereRadius,61.371500
PalmNormal,0.012500,0.650169,0.759687
PalmPosition,55.241000,271.174000,94.477400
PalmPositionRefined,55.155000,271.917000,94.616300
PalmVelocity,14.562400,-72.645700,9.199190
RotationAngle,0.054953
RotationAxis,-0.971400,0.165383,0.170383
RotationMatrix,0.999915,0.009116,-0.009334,-0.009601,0.998532,-0.053313,0.008834,0.053398,0.998534
RotationProbability,0.000000
ScaleFactor,1.086230
ScaleProbability,0.000000
Translation,37.178200,176.319000,4.091010
TranslationProbability,1.000000
