FingersNr,3.000000
FingertipsDistances,87.034600,110.768000,47.012100,0.000000,0.000000
FingertipsDistancesRefined,86.497400,110.967000,47.313600,0.000000,0.000000
FingertipsInterDistances,132.518000,75.776600,0.000000,0.000000
FingertipsPositions,-27.704200,59.300700,75.028200,0.000000,0.000000,223.296000,311.295000,239.507000,0.000000,0.000000,94.981200,47.574000,66.046400,0.000000,0.000000
HandDirection,-0.296426,0.828343,-0.475374
HandSphereCenter,41.311700,237.901000,73.202900
HandSphereRadius,56.776200
PalmNormal,0.005514,-0.496252,-0.868161
PalmPosition,58.604700,215.311000,102.856000
PalmPositionRefined,58.042900,215.071000,102.829000
PalmVelocity,11.355500,-12.494300,5.366490
RotationAngle,0.325682
RotationAxis,-0.845289,0.455156,0.279854
RotationMatrix,0.984993,0.069316,-0.158065,-0.109765,0.958323,-0.263759,0.133194,0.277150,0.951550
RotationProbability,0.000069
ScaleFactor,1.013990
ScaleProbability,0.000000
Translation,79.353400,41.802100,32.384400
TranslationProbability,0.999931
