FingersNr,2.000000
FingertipsDistances,83.606000,100.980000,0.000000,0.000000,0.000000
FingertipsDistancesRefined,83.664500,101.167000,0.000000,0.000000,0.000000
FingertipsInterDistances,131.710000,0.000000,0.000000,0.000000
FingertipsPositions,6.556350,99.547600,0.000000,0.000000,0.000000,124.177000,197.116000,0.000000,0.000000,0.000000,93.558500,35.419500,0.000000,0.000000,0.000000
HandDirection,-0.461695,0.708131,-0.534218
HandSphereCenter,81.539400,125.225000,68.887000
HandSphereRadius,61.572300
PalmNormal,0.007442,-0.599135,-0.800613
PalmPosition,89.627700,122.624000,102.870000
PalmPositionRefined,89.669400,122.480000,102.997000
PalmVelocity,-2.671330,2.403250,-5.008230
RotationAngle,0.157136
RotationAxis,0.739812,-0.444032,-0.505484
RotationMatrix,0.994423,-0.083151,0.064879,0.075056,0.990109,0.118539,-0.074094,-0.113008,0.990828
RotationProbability,0.000000
ScaleFactor,0.986148
ScaleProbability,0.000000
Translation,39.231800,-107.042000,-4.063380
TranslationProbability,1.000000
