FingersNr,2.000000
FingertipsDistances,106.475000,106.352000,0.000000,0.000000,0.000000
FingertipsDistancesRefined,107.138000,107.066000,0.000000,0.000000,0.000000
FingertipsInterDistances,73.790000,0.000000,0.000000,0.000000
FingertipsPositions,-25.476700,46.680800,0.000000,0.000000,0.000000,248.446000,254.085000,0.000000,0.000000,0.000000,82.211200,67.842700,0.000000,0.000000,0.000000
HandDirection,-0.123011,0.877379,-0.463761
HandSphereCenter,19.383900,201.186000,93.716600
HandSphereRadius,53.874400
PalmNormal,-0.133111,-0.477675,-0.868394
PalmPosition,25.998800,161.692000,116.285000
PalmPositionRefined,26.523300,162.574000,119.636000
PalmVelocity,11.117200,3.502040,10.500500
RotationAngle,0.000000
RotationAxis,0.000000,0.000000,0.000000
RotationMatrix,1.000000,0.000000,0.000000,0.000000,1.000000,0.000000,0.000000,0.000000,1.000000
RotationProbability,0.000000
ScaleFactor,1.000000
ScaleProbability,0.000000
Translation,0.000000,0.000000,0.000000
TranslationProbability,0.000000
