FingersNr,2.000000
FingertipsDistances,105.380000,109.961000,0.000000,0.000000,0.000000
FingertipsDistancesRefined,106.492000,112.916000,0.000000,0.000000,0.000000
FingertipsInterDistances,72.992900,0.000000,0.000000,0.000000
FingertipsPositions,-73.294900,-3.759980,0.000000,0.000000,0.000000,252.045000,265.190000,0.000000,0.000000,0.000000,68.240400,50.349700,0.000000,0.000000,0.000000
HandDirection,-0.167530,0.813599,-0.556768
HandSphereCenter,-22.906700,218.948000,99.746700
HandSphereRadius,55.796000
PalmNormal,0.148782,-0.537416,-0.830089
PalmPosition,-17.118900,171.206000,105.848000
PalmPositionRefined,-19.521100,168.348000,106.236000
PalmVelocity,-0.400639,43.203400,-23.286000
RotationAngle,0.219299
RotationAxis,0.258990,0.709156,-0.655761
RotationMatrix,0.977657,-0.138259,-0.158341,0.147057,0.988095,0.045205,0.150206,-0.067480,0.986349
RotationProbability,0.231319
ScaleFactor,0.929186
ScaleProbability,0.259960
Translation,-47.312000,5.504240,-13.440200
TranslationProbability,0.508721
