FingersNr,2.000000
FingertipsDistances,84.987600,84.798000,0.000000,0.000000,0.000000
FingertipsDistancesRefined,85.147000,84.545300,0.000000,0.000000,0.000000
FingertipsInterDistances,75.620500,0.000000,0.000000,0.000000
FingertipsPositions,-79.725600,-4.705460,0.000000,0.000000,0.000000,182.745000,190.077000,0.000000,0.000000,0.000000,70.386700,64.329600,0.000000,0.000000,0.000000
HandDirection,-0.006847,0.906378,-0.422412
HandSphereCenter,-25.949900,132.732000,88.602800
HandSphereRadius,56.487500
PalmNormal,-0.143441,-0.418943,-0.896611
PalmPosition,-32.518200,122.779000,107.782000
PalmPositionRefined,-32.065300,122.906000,107.774000
PalmVelocity,-16.495100,3.688260,-2.191480
RotationAngle,0.293284
RotationAxis,-0.302001,-0.052979,-0.951834
RotationMatrix,0.961194,-0.274490,0.027591,0.275856,0.957419,-0.085154,-0.003042,0.089461,0.995986
RotationProbability,0.000013
ScaleFactor,1.029180
ScaleProbability,0.000000
Translation,-82.636900,6.293640,-6.216150
TranslationProbability,0.999987
