FingersNr,2.000000
FingertipsDistances,105.256000,113.613000,0.000000,0.000000,0.000000
FingertipsDistancesRefined,105.997000,114.476000,0.000000,0.000000,0.000000
FingertipsInterDistances,73.181600,0.000000,0.000000,0.000000
FingertipsPositions,-60.416700,11.049100,0.000000,0.000000,0.000000,245.296000,260.297000,0.000000,0.000000,0.000000,57.708800,52.896000,0.000000,0.000000,0.000000
HandDirection,-0.077027,0.823528,-0.562021
HandSphereCenter,-15.948500,201.364000,79.622700
HandSphereRadius,51.043800
PalmNormal,0.190821,-0.541099,-0.819024
PalmPosition,-15.270600,163.081000,105.470000
PalmPositionRefined,-15.348000,162.108000,105.498000
PalmVelocity,-4.015230,13.253800,-6.301420
RotationAngle,0.303771
RotationAxis,0.306730,0.664918,-0.681029
RotationMatrix,0.958523,-0.194372,-0.208455,0.213048,0.974457,0.071017,0.189327,-0.112482,0.975450
RotationProbability,0.000491
ScaleFactor,0.949150
ScaleProbability,0.000004
Translation,14.815100,63.551400,-11.757100
TranslationProbability,0.999505
