FingersNr,2.000000
FingertipsDistances,94.238400,124.040000,0.000000,0.000000,0.000000
FingertipsDistancesRefined,94.049300,114.251000,0.000000,0.000000,0.000000
FingertipsInterDistances,120.143000,0.000000,0.000000,0.000000
FingertipsPositions,-53.304300,4.872580,0.000000,0.000000,0.000000,209.824000,306.793000,0.000000,0.000000,0.000000,124.759000,84.178300,0.000000,0.000000,0.000000
HandDirection,-0.638944,0.682243,-0.355381
HandSphereCenter,37.286100,234.707000,150.713000
HandSphereRadius,87.670900
PalmNormal,-0.142173,-0.558755,-0.817056
PalmPosition,39.322100,193.139000,119.981000
PalmPositionRefined,40.253300,203.426000,117.596000
PalmVelocity,5.151010,-10.932300,17.826400
RotationAngle,0.184859
RotationAxis,-0.153738,-0.960834,-0.230570
RotationMatrix,0.983365,-0.039864,0.177213,0.044897,0.998692,-0.024484,-0.176005,0.032033,0.983868
RotationProbability,0.164016
ScaleFactor,0.954886
ScaleProbability,0.008166
Translation,-16.161800,-8.535540,14.918500
TranslationProbability,0.827818
