FingersNr,2.000000
FingertipsDistances,96.060300,136.304000,0.000000,0.000000,0.000000
FingertipsDistancesRefined,98.482000,132.481000,0.000000,0.000000,0.000000
FingertipsInterDistances,117.662000,0.000000,0.000000,0.000000
FingertipsPositions,-58.450200,-19.874100,0.000000,0.000000,0.000000,202.713000,304.343000,0.000000,0.000000,0.000000,136.420000,91.391300,0.000000,0.000000,0.000000
HandDirection,-0.703944,0.641530,-0.304798
HandSphereCenter,31.040000,236.083000,154.844000
HandSphereRadius,88.120300
PalmNormal,-0.175619,-0.573029,-0.800497
PalmPosition,36.058500,186.459000,130.807000
PalmPositionRefined,38.703200,190.600000,125.780000
PalmVelocity,-5.345250,6.512220,-11.167700
RotationAngle,0.122085
RotationAxis,0.047781,-0.724168,-0.687966
RotationMatrix,0.992574,-0.084039,0.087946,0.083524,0.996460,0.009527,-0.088435,-0.002111,0.996080
RotationProbability,0.204370
ScaleFactor,0.980067
ScaleProbability,0.015444
Translation,-14.946000,-5.270680,9.550050
TranslationProbability,0.780186
