FingersNr,2.000000
FingertipsDistances,88.450900,113.121000,0.000000,0.000000,0.000000
FingertipsDistancesRefined,83.959300,114.126000,0.000000,0.000000,0.000000
FingertipsInterDistances,116.861000,0.000000,0.000000,0.000000
FingertipsPositions,-23.676300,59.097000,0.000000,0.000000,0.000000,197.666000,268.550000,0.000000,0.000000,0.000000,80.605500,38.409800,0.000000,0.000000,0.000000
HandDirection,-0.465120,0.653655,-0.596991
HandSphereCenter,45.067500,196.092000,69.445000
HandSphereRadius,59.722200
PalmNormal,-0.030903,-0.685955,-0.726987
PalmPosition,58.970000,176.077000,103.563000
PalmPositionRefined,52.433200,181.855000,112.331000
PalmVelocity,-5.458360,25.603300,3.431710
RotationAngle,0.178962
RotationAxis,0.792378,0.431441,0.431272
RotationMatrix,0.994057,0.082230,-0.071343,-0.071310,0.987002,0.144022,0.082258,-0.138078,0.986999
RotationProbability,0.006305
ScaleFactor,1.053390
ScaleProbability,0.000295
Translation,26.739900,-24.888400,-33.883900
TranslationProbability,0.993400
