FingersNr,2.000000
FingertipsDistances,86.653000,105.779000,0.000000,0.000000,0.000000
FingertipsDistancesRefined,85.128300,105.731000,0.000000,0.000000,0.000000
FingertipsInterDistances,122.066000,0.000000,0.000000,0.000000
FingertipsPositions,-114.690000,-53.663200,0.000000,0.000000,0.000000,204.422000,284.654000,0.000000,0.000000,0.000000,60.864800,-7.971730,0.000000,0.000000,0.000000
HandDirection,-0.744884,0.453565,-0.489313
HandSphereCenter,-39.307600,251.882000,66.588500
HandSphereRadius,76.563400
PalmNormal,-0.029628,-0.755153,-0.654879
PalmPosition,-28.425300,202.010000,53.036800
PalmPositionRefined,-29.846800,202.500000,54.177800
PalmVelocity,-7.851270,10.603100,-7.748410
RotationAngle,0.027002
RotationAxis,-0.157841,-0.776172,-0.610445
RotationMatrix,0.999644,-0.016438,0.020993,0.016528,0.999855,-0.004089,-0.020923,0.004435,0.999771
RotationProbability,0.429275
ScaleFactor,1.035270
ScaleProbability,0.220409
Translation,-49.619200,-6.845040,-5.541520
TranslationProbability,0.350315
