FingersNr,2.000000
FingertipsDistances,86.503000,104.278000,0.000000,0.000000,0.000000
FingertipsDistancesRefined,83.944600,103.277000,0.000000,0.000000,0.000000
FingertipsInterDistances,119.497000,0.000000,0.000000,0.000000
FingertipsPositions,-123.881000,-65.913600,0.000000,0.000000,0.000000,202.399000,279.189000,0.000000,0.000000,0.000000,60.259000,-10.611700,0.000000,0.000000,0.000000
HandDirection,-0.758035,0.436403,-0.484701
HandSphereCenter,-51.016900,240.109000,54.360000
HandSphereRadius,68.023200
PalmNormal,-0.028587,-0.764681,-0.643775
PalmPosition,-37.777800,200.779000,52.111600
PalmPositionRefined,-40.263100,201.877000,52.879500
PalmVelocity,9.639530,0.383681,-10.383200
RotationAngle,0.025391
RotationAxis,0.736772,-0.544292,-0.401140
RotationMatrix,0.999853,-0.010314,0.013724,0.010056,0.999773,0.018777,-0.013915,-0.018636,0.999730
RotationProbability,0.196743
ScaleFactor,0.978133
ScaleProbability,0.155059
Translation,-10.844600,-3.791800,-1.650200
TranslationProbability,0.648197
