FingersNr,2.000000
FingertipsDistances,83.826600,102.051000,0.000000,0.000000,0.000000
FingertipsDistancesRefined,79.311500,100.036000,0.000000,0.000000,0.000000
FingertipsInterDistances,118.365000,0.000000,0.000000,0.000000
FingertipsPositions,-69.500300,-1.638080,0.000000,0.000000,0.000000,209.068000,283.741000,0.000000,0.000000,0.000000,59.963000,-1.915990,0.000000,0.000000,0.000000
HandDirection,-0.684763,0.493971,-0.535809
HandSphereCenter,1.667380,234.010000,53.081300
HandSphereRadius,60.594800
PalmNormal,-0.027431,-0.752178,-0.658389
PalmPosition,14.098900,203.059000,58.559400
PalmPositionRefined,9.745040,205.834000,59.794000
PalmVelocity,0.629565,-32.520000,-0.856516
RotationAngle,0.062919
RotationAxis,-0.836656,0.327571,0.438980
RotationMatrix,0.999406,0.027060,-0.021324,-0.028145,0.998233,-0.052323,0.019870,0.052892,0.998403
RotationProbability,0.063199
ScaleFactor,1.015050
ScaleProbability,0.010263
Translation,25.914200,12.140800,8.986670
TranslationProbability,0.926538
