FingersNr,2.000000
FingertipsDistances,101.322000,122.958000,0.000000,0.000000,0.000000
FingertipsDistancesRefined,102.407000,122.866000,0.000000,0.000000,0.000000
FingertipsInterDistances,139.609000,0.000000,0.000000,0.000000
FingertipsPositions,-118.088000,-44.460800,0.000000,0.000000,0.000000,200.139000,309.476000,0.000000,0.000000,0.000000,114.281000,68.290700,0.000000,0.000000,0.000000
HandDirection,-0.617629,0.701945,-0.354693
HandSphereCenter,-16.158700,235.385000,112.018000
HandSphereRadius,74.775700
PalmNormal,-0.141642,-0.542899,-0.827767
PalmPosition,-17.169700,195.790000,106.363000
PalmPositionRefined,-16.047800,196.231000,106.555000
PalmVelocity,-61.330000,-24.093200,-10.505400
RotationAngle,0.034160
RotationAxis,0.290816,0.908168,0.301093
RotationMatrix,0.999466,0.010438,-0.030968,-0.010130,0.999898,0.010093,0.031070,-0.009773,0.999469
RotationProbability,0.000013
ScaleFactor,0.971894
ScaleProbability,0.000000
Translation,-104.380000,22.822600,14.008100
TranslationProbability,0.999986
