FingersNr,2.000000
FingertipsDistances,102.444000,110.324000,0.000000,0.000000,0.000000
FingertipsDistancesRefined,103.228000,110.712000,0.000000,0.000000,0.000000
FingertipsInterDistances,147.840000,0.000000,0.000000,0.000000
FingertipsPositions,-46.504200,38.428600,0.000000,0.000000,0.000000,285.550000,366.950000,0.000000,0.000000,0.000000,109.725000,20.187200,0.000000,0.000000,0.000000
HandDirection,-0.607128,0.741306,-0.286112
HandSphereCenter,39.972400,300.183000,68.886800
HandSphereRadius,66.931100
PalmNormal,-0.256093,-0.523402,-0.812691
PalmPosition,53.278500,280.489000,87.084600
PalmPositionRefined,53.065400,277.467000,83.713500
PalmVelocity,6.835740,-2.414620,13.462000
RotationAngle,0.000000
RotationAxis,0.000000,0.000000,0.000000
RotationMatrix,1.000000,0.000000,0.000000,0.000000,1.000000,0.000000,0.000000,0.000000,1.000000
RotationProbability,0.000000
ScaleFactor,1.000000
ScaleProbability,0.000000
Translation,0.000000,0.000000,0.000000
TranslationProbability,0.000000
