FingersNr,3.000000
FingertipsDistances,103.403000,109.995000,102.381000,0.000000,0.000000
FingertipsDistancesRefined,102.286000,109.084000,103.610000,0.000000,0.000000
FingertipsInterDistances,143.736000,207.837000,0.000000,0.000000
FingertipsPositions,-37.272000,49.066800,118.346000,0.000000,0.000000,219.685000,318.188000,142.503000,0.000000,0.000000,116.461000,57.275700,144.060000,0.000000,0.000000
HandDirection,-0.760968,0.616300,-0.202738
HandSphereCenter,42.977500,232.300000,82.376700
HandSphereRadius,71.023500
PalmNormal,-0.144619,-0.465754,-0.873017
PalmPosition,65.941100,224.651000,112.638000
PalmPositionRefined,64.773800,225.289000,112.253000
PalmVelocity,3.164880,-6.644170,1.733250
RotationAngle,0.191339
RotationAxis,-0.344804,-0.928999,0.134427
RotationMatrix,0.983920,0.031410,0.175825,-0.019719,0.997501,-0.067851,-0.177517,0.063293,0.982080
RotationProbability,0.001233
ScaleFactor,1.298680
ScaleProbability,0.007769
Translation,-41.952900,-11.179400,70.678500
TranslationProbability,0.990998
