FingersNr,3.000000
FingertipsDistances,98.816700,101.418000,84.853100,0.000000,0.000000
FingertipsDistancesRefined,104.810000,106.719000,81.244000,0.000000,0.000000
FingertipsInterDistances,133.622000,185.686000,0.000000,0.000000
FingertipsPositions,-39.656300,42.243500,59.048800,0.000000,0.000000,233.438000,324.342000,156.323000,0.000000,0.000000,169.402000,115.702000,192.945000,0.000000,0.000000
HandDirection,-0.826789,0.464653,0.317045
HandSphereCenter,51.349200,256.310000,184.043000
HandSphereRadius,85.405200
PalmNormal,-0.464244,-0.245376,-0.851039
PalmPosition,58.062200,232.098000,154.772000
PalmPositionRefined,63.323500,225.996000,151.376000
PalmVelocity,-1.134330,-0.472798,-0.842065
RotationAngle,0.000000
RotationAxis,0.000000,0.000000,0.000000
RotationMatrix,1.000000,0.000000,0.000000,0.000000,1.000000,0.000000,0.000000,0.000000,1.000000
RotationProbability,0.000000
ScaleFactor,1.000000
ScaleProbability,0.000000
Translation,0.000000,0.000000,0.000000
TranslationProbability,0.000000
