FingersNr,2.000000
FingertipsDistances,99.393200,103.877000,0.000000,0.000000,0.000000
FingertipsDistancesRefined,104.543000,111.373000,0.000000,0.000000,0.000000
FingertipsInterDistances,128.980000,0.000000,0.000000,0.000000
FingertipsPositions,-36.688400,41.671700,0.000000,0.000000,0.000000,250.534000,330.943000,0.000000,0.000000,0.000000,177.820000,114.339000,0.000000,0.000000,0.000000
HandDirection,-0.814507,0.441210,0.376712
HandSphereCenter,47.481100,257.058000,166.729000
HandSphereRadius,78.668000
PalmNormal,-0.507051,-0.225851,-0.831799
PalmPosition,58.678600,236.325000,153.691000
PalmPositionRefined,62.126300,228.163000,152.045000
PalmVelocity,5.208130,5.952700,-5.981500
RotationAngle,0.067199
RotationAxis,-0.799453,-0.589779,-0.114174
RotationMatrix,0.999186,-0.006602,0.039808,0.008731,0.998528,-0.053529,-0.039396,0.053833,0.997772
RotationProbability,0.476662
ScaleFactor,1.002390
ScaleProbability,0.095706
Translation,-0.401094,8.431080,-0.271206
TranslationProbability,0.427633
