FingersNr,2.000000
FingertipsDistances,95.564000,108.642000,0.000000,0.000000,0.000000
FingertipsDistancesRefined,94.897200,109.291000,0.000000,0.000000,0.000000
FingertipsInterDistances,148.890000,0.000000,0.000000,0.000000
FingertipsPositions,12.246200,82.747800,0.000000,0.000000,0.000000,163.570000,292.890000,0.000000,0.000000,0.000000,81.934500,60.166400,0.000000,0.000000,0.000000
HandDirection,-0.703538,0.641473,-0.305854
HandSphereCenter,73.606700,216.261000,91.420000
HandSphereRadius,60.453900
PalmNormal,0.010781,-0.420698,-0.907137
PalmPosition,96.902000,197.589000,110.370000
PalmPositionRefined,96.219700,197.004000,110.850000
PalmVelocity,-1.426500,2.150320,-0.393250
RotationAngle,0.216442
RotationAxis,-0.353379,0.372300,-0.858205
RotationMatrix,0.979581,-0.187374,-0.072878,0.181235,0.979902,-0.083345,0.087030,0.068435,0.993852
RotationProbability,0.060257
ScaleFactor,1.043190
ScaleProbability,0.010208
Translation,36.363800,-10.135200,-32.289400
TranslationProbability,0.929534
