FingersNr,2.000000
FingertipsDistances,111.125000,116.517000,0.000000,0.000000,0.000000
FingertipsDistancesRefined,104.428000,111.100000,0.000000,0.000000,0.000000
FingertipsInterDistances,74.526800,0.000000,0.000000,0.000000
FingertipsPositions,-42.716600,29.364500,0.000000,0.000000,0.000000,294.565000,298.032000,0.000000,0.000000,0.000000,79.854200,61.238500,0.000000,0.000000,0.000000
HandDirection,-0.035551,0.816326,-0.576496
HandSphereCenter,-9.534580,240.851000,86.622700
HandSphereRadius,61.305800
PalmNormal,0.138077,-0.567316,-0.811842
PalmPosition,-0.131396,196.536000,110.279000
PalmPositionRefined,-1.961860,203.300000,110.103000
PalmVelocity,-3.517690,-18.634000,24.457400
RotationAngle,0.340642
RotationAxis,0.304456,-0.942766,-0.136011
RotationMatrix,0.947867,-0.061933,0.312591,0.028947,0.993611,0.109084,-0.317350,-0.094349,0.943603
RotationProbability,0.096352
ScaleFactor,1.414910
ScaleProbability,0.045525
Translation,49.837200,-77.282300,-9.436710
TranslationProbability,0.858123
