FingersNr,1.000000
FingertipsDistances,125.541000,0.000000,0.000000,0.000000,0.000000
FingertipsDistancesRefined,123.228000,0.000000,0.000000,0.000000,0.000000
FingertipsInterDistances,0.000000,0.000000,0.000000,0.000000
FingertipsPositions,-6.819090,0.000000,0.000000,0.000000,0.000000,272.013000,0.000000,0.000000,0.000000,0.000000,62.732900,0.000000,0.000000,0.000000,0.000000
HandDirection,-0.003939,0.620818,-0.783945
HandSphereCenter,-9.999590,202.714000,80.734300
HandSphereRadius,59.038400
PalmNormal,0.224530,-0.763385,-0.605664
PalmPosition,6.503190,156.409000,109.836000
PalmPositionRefined,5.591530,159.053000,110.389000
PalmVelocity,13.465300,-27.037000,14.749900
RotationAngle,0.094858
RotationAxis,-0.668125,-0.720215,-0.186817
RotationMatrix,0.997511,-0.015531,0.068776,0.019858,0.997836,-0.062677,-0.067654,0.063886,0.995661
RotationProbability,0.002881
ScaleFactor,0.908430
ScaleProbability,0.003266
Translation,-31.024100,-17.478100,6.087400
TranslationProbability,0.993854
