FingersNr,2.000000
FingertipsDistances,111.019000,116.507000,0.000000,0.000000,0.000000
FingertipsDistancesRefined,111.425000,116.940000,0.000000,0.000000,0.000000
FingertipsInterDistances,49.919000,0.000000,0.000000,0.000000
FingertipsPositions,13.078300,62.819400,0.000000,0.000000,0.000000,268.421000,268.837000,0.000000,0.000000,0.000000,90.948600,86.759000,0.000000,0.000000,0.000000
HandDirection,0.045730,0.831878,-0.553072
HandSphereCenter,29.265500,202.253000,83.888600
HandSphereRadius,61.449600
PalmNormal,0.169820,-0.552066,-0.816324
PalmPosition,29.333700,164.074000,125.195000
PalmPositionRefined,28.105700,159.942000,111.493000
PalmVelocity,-0.430718,0.255933,16.600700
RotationAngle,0.231936
RotationAxis,0.303917,0.931879,0.198079
RotationMatrix,0.975696,0.053115,-0.212592,-0.037947,0.996476,0.074802,0.215816,-0.064917,0.974274
RotationProbability,0.021925
ScaleFactor,0.949092
ScaleProbability,0.001036
Translation,21.118500,6.851010,17.657400
TranslationProbability,0.977039
