FingersNr,3.000000
FingertipsDistances,109.808000,81.869200,108.116000,0.000000,0.000000
FingertipsDistancesRefined,106.594000,82.699500,106.895000,0.000000,0.000000
FingertipsInterDistances,176.579000,185.571000,0.000000,0.000000
FingertipsPositions,-102.152000,-71.533200,-51.243200,0.000000,0.000000,281.457000,132.320000,276.263000,0.000000,0.000000,25.519900,114.968000,-0.380641,0.000000,0.000000
HandDirection,-0.577830,0.515634,-0.632640
HandSphereCenter,-63.158300,258.092000,74.464200
HandSphereRadius,65.068700
PalmNormal,0.214155,-0.652194,-0.727173
PalmPosition,-48.085000,201.115000,77.284600
PalmPositionRefined,-51.708900,203.601000,78.018200
PalmVelocity,15.705400,4.400760,-5.373950
RotationAngle,0.080287
RotationAxis,0.545291,0.569033,0.615516
RotationMatrix,0.997737,0.050365,-0.044556,-0.048366,0.997822,0.044861,0.046719,-0.042605,0.997999
RotationProbability,0.008626
ScaleFactor,1.130110
ScaleProbability,0.012042
Translation,6.981200,-40.769700,-10.090200
TranslationProbability,0.979331
