FingersNr,3.000000
FingertipsDistances,101.319000,102.404000,67.296100,0.000000,0.000000
FingertipsDistancesRefined,103.981000,105.584000,65.866100,0.000000,0.000000
FingertipsInterDistances,49.533300,158.959000,0.000000,0.000000
FingertipsPositions,-49.248200,-3.316320,45.172100,0.000000,0.000000,269.951000,268.294000,178.154000,0.000000,0.000000,25.188400,6.720470,128.342000,0.000000,0.000000
HandDirection,0.081517,0.676249,-0.732149
HandSphereCenter,-7.953220,232.141000,56.587500
HandSphereRadius,49.920700
PalmNormal,0.024452,-0.735730,-0.676834
PalmPosition,-0.819394,209.614000,90.607500
PalmPositionRefined,-2.140800,204.553000,90.885900
PalmVelocity,-2.298430,-3.388910,-9.851490
RotationAngle,0.000000
RotationAxis,0.000000,0.000000,0.000000
RotationMatrix,1.000000,0.000000,0.000000,0.000000,1.000000,0.000000,0.000000,0.000000,1.000000
RotationProbability,0.000000
ScaleFactor,1.000000
ScaleProbability,0.000000
Translation,0.000000,0.000000,0.000000
TranslationProbability,0.000000
