FingersNr,3.000000
FingertipsDistances,98.968300,100.461000,78.587800,0.000000,0.000000
FingertipsDistancesRefined,99.476900,100.409000,78.278200,0.000000,0.000000
FingertipsInterDistances,51.531500,168.288000,0.000000,0.000000
FingertipsPositions,-17.572700,31.095000,57.984500,0.000000,0.000000,317.741000,317.092000,172.230000,0.000000,0.000000,49.285300,32.358200,113.679000,0.000000,0.000000
HandDirection,0.099600,0.835789,-0.539941
HandSphereCenter,19.605200,276.847000,81.057900
HandSphereRadius,51.769000
PalmNormal,0.003902,-0.542964,-0.839747
PalmPosition,21.673500,239.509000,95.483000
PalmPositionRefined,23.144400,240.164000,96.397200
PalmVelocity,-1.457370,1.191640,0.308328
RotationAngle,0.124839
RotationAxis,-0.979215,0.153271,-0.132837
RotationMatrix,0.999680,-0.017708,-0.018072,0.015372,0.992401,-0.122085,0.020097,0.121768,0.992355
RotationProbability,0.038131
ScaleFactor,1.238110
ScaleProbability,0.005176
Translation,32.392300,47.145000,26.634300
TranslationProbability,0.956693
