FingersNr,2.000000
FingertipsDistances,105.430000,104.101000,0.000000,0.000000,0.000000
FingertipsDistancesRefined,105.498000,103.735000,0.000000,0.000000,0.000000
FingertipsInterDistances,52.386900,0.000000,0.000000,0.000000
FingertipsPositions,-72.113600,-24.778600,0.000000,0.000000,0.000000,292.118000,291.041000,0.000000,0.000000,0.000000,33.092200,10.672900,0.000000,0.000000,0.000000
HandDirection,-0.263418,0.733114,-0.627020
HandSphereCenter,-28.660100,259.971000,69.089100
HandSphereRadius,54.935900
PalmNormal,0.123509,-0.618997,-0.775621
PalmPosition,-16.914800,219.324000,85.719000
PalmPositionRefined,-15.435300,221.128000,86.737000
PalmVelocity,-1.807090,-2.891770,-4.597330
RotationAngle,0.348647
RotationAxis,0.514191,-0.204706,-0.832888
RotationMatrix,0.955743,-0.290869,0.044167,0.278204,0.942357,0.185919,-0.095699,-0.165403,0.981572
RotationProbability,0.082018
ScaleFactor,0.952477
ScaleProbability,0.003403
Translation,-52.581600,-18.678900,-13.406300
TranslationProbability,0.914579
