FingersNr,3.000000
FingertipsDistances,109.018000,107.668000,78.561500,0.000000,0.000000
FingertipsDistancesRefined,109.435000,108.028000,78.021600,0.000000,0.000000
FingertipsInterDistances,52.348200,175.903000,0.000000,0.000000
FingertipsPositions,-125.118000,-80.692900,-8.657450,0.000000,0.000000,288.370000,286.519000,183.826000,0.000000,0.000000,25.313300,-2.315530,121.001000,0.000000,0.000000
HandDirection,0.004761,0.750084,-0.661325
HandSphereCenter,-79.986200,269.169000,75.930900
HandSphereRadius,68.122300
PalmNormal,0.187263,-0.650302,-0.736234
PalmPosition,-64.479000,211.389000,73.082500
PalmPositionRefined,-64.076800,211.367000,73.487300
PalmVelocity,6.583980,14.046900,-2.314140
RotationAngle,0.103437
RotationAxis,0.238693,0.826927,0.509134
RotationMatrix,0.994960,0.053625,-0.084733,-0.051515,0.998310,0.026896,0.086032,-0.022395,0.996041
RotationProbability,0.007149
ScaleFactor,0.974190
ScaleProbability,0.000919
Translation,-50.883200,-2.647080,-10.213600
TranslationProbability,0.991933
