FingersNr,2.000000
FingertipsDistances,105.226000,105.228000,0.000000,0.000000,0.000000
FingertipsDistancesRefined,105.235000,105.330000,0.000000,0.000000,0.000000
FingertipsInterDistances,55.382600,0.000000,0.000000,0.000000
FingertipsPositions,-15.215400,37.799300,0.000000,0.000000,0.000000,269.496000,263.951000,0.000000,0.000000,0.000000,20.661000,5.630040,0.000000,0.000000,0.000000
HandDirection,-0.106139,0.723922,-0.681669
HandSphereCenter,20.151600,227.292000,53.486300
HandSphereRadius,49.548600
PalmNormal,-0.014809,-0.686616,-0.726870
PalmPosition,23.947000,195.277000,84.146800
PalmPositionRefined,23.868200,195.481000,84.446900
PalmVelocity,-4.692250,5.791050,-13.886700
RotationAngle,0.249333
RotationAxis,-0.227399,0.276271,0.933790
RotationMatrix,0.970676,0.228477,-0.074738,-0.232362,0.971437,-0.048135,0.061606,0.064090,0.996041
RotationProbability,0.001378
ScaleFactor,1.024310
ScaleProbability,0.000025
Translation,86.719300,11.144100,2.569720
TranslationProbability,0.998598
