FingersNr,3.000000
FingertipsDistances,106.118000,86.162200,104.173000,0.000000,0.000000
FingertipsDistancesRefined,105.451000,87.694500,103.197000,0.000000,0.000000
FingertipsInterDistances,177.471000,185.972000,0.000000,0.000000
FingertipsPositions,-112.518000,-71.254300,-62.245100,0.000000,0.000000,324.052000,166.931000,323.670000,0.000000,0.000000,44.007600,115.467000,15.779800,0.000000,0.000000
HandDirection,-0.595245,0.626140,-0.503619
HandSphereCenter,-68.653700,305.473000,95.508700
HandSphereRadius,71.460300
PalmNormal,0.132122,-0.541953,-0.829958
PalmPosition,-53.761700,245.045000,83.590300
PalmPositionRefined,-52.991000,246.665000,83.855700
PalmVelocity,-14.237600,-28.867400,-8.629350
RotationAngle,0.347222
RotationAxis,0.047949,-0.370746,-0.927496
RotationMatrix,0.940459,-0.316676,0.123506,0.314554,0.948524,0.036838,-0.128814,0.004205,0.991660
RotationProbability,0.017949
ScaleFactor,1.006700
ScaleProbability,0.000692
Translation,-52.259200,-45.571200,1.484080
TranslationProbability,0.981359
