FingersNr,2.000000
FingertipsDistances,106.489000,106.645000,0.000000,0.000000,0.000000
FingertipsDistancesRefined,106.151000,106.713000,0.000000,0.000000,0.000000
FingertipsInterDistances,52.526400,0.000000,0.000000,0.000000
FingertipsPositions,-101.532000,-55.363500,0.000000,0.000000,0.000000,255.578000,252.132000,0.000000,0.000000,0.000000,21.807200,-3.005000,0.000000,0.000000,0.000000
HandDirection,-0.256567,0.629871,-0.733101
HandSphereCenter,-59.732100,232.512000,67.387600
HandSphereRadius,60.394700
PalmNormal,0.194170,-0.709437,-0.677494
PalmPosition,-47.267600,183.136000,77.909800
PalmPositionRefined,-48.495200,182.388000,77.470200
PalmVelocity,-8.954120,-0.311699,-0.109621
RotationAngle,0.218138
RotationAxis,0.523142,-0.538442,-0.660608
RotationMatrix,0.982788,-0.149639,0.108336,0.136288,0.983173,0.121644,-0.124715,-0.104785,0.986644
RotationProbability,0.092105
ScaleFactor,0.979838
ScaleProbability,0.006061
Translation,21.598100,-34.669700,-0.065073
TranslationProbability,0.901834
