FingersNr,2.000000
FingertipsDistances,103.306000,102.261000,0.000000,0.000000,0.000000
FingertipsDistancesRefined,103.181000,102.182000,0.000000,0.000000,0.000000
FingertipsInterDistances,55.402300,0.000000,0.000000,0.000000
FingertipsPositions,16.137000,70.364600,0.000000,0.000000,0.000000,339.254000,335.752000,0.000000,0.000000,0.000000,45.782300,34.987700,0.000000,0.000000,0.000000
HandDirection,-0.070232,0.827796,-0.556616
HandSphereCenter,51.878800,296.361000,79.134000
HandSphereRadius,50.171800
PalmNormal,0.048335,-0.554515,-0.830769
PalmPosition,51.356700,256.924000,97.294000
PalmPositionRefined,51.295000,257.104000,97.374200
PalmVelocity,-0.921418,-8.779610,2.006180
RotationAngle,0.095780
RotationAxis,-0.617144,0.558125,-0.554644
RotationMatrix,0.997162,-0.054621,-0.051806,0.051464,0.996844,-0.060438,0.054944,0.057600,0.996827
RotationProbability,0.000067
ScaleFactor,1.032750
ScaleProbability,0.000004
Translation,34.281900,69.398200,26.209600
TranslationProbability,0.999929
