FingersNr,2.000000
FingertipsDistances,99.137800,100.497000,0.000000,0.000000,0.000000
FingertipsDistancesRefined,99.842000,99.438900,0.000000,0.000000,0.000000
FingertipsInterDistances,42.826800,0.000000,0.000000,0.000000
FingertipsPositions,-23.694700,18.049400,0.000000,0.000000,0.000000,257.508000,248.218000,0.000000,0.000000,0.000000,83.151900,80.857900,0.000000,0.000000,0.000000
HandDirection,0.171086,0.634153,-0.754043
HandSphereCenter,-3.565390,194.080000,113.078000
HandSphereRadius,60.853000
PalmNormal,-0.159061,-0.737509,-0.656338
PalmPosition,-12.935300,201.685000,164.369000
PalmPositionRefined,-8.840840,201.190000,164.245000
PalmVelocity,-118.725000,14.909900,36.130300
RotationAngle,0.114565
RotationAxis,-0.231330,-0.431507,-0.871945
RotationMatrix,0.993795,-0.099022,0.050650,0.100331,0.994665,-0.023978,-0.048005,0.028911,0.998429
RotationProbability,0.045449
ScaleFactor,0.995137
ScaleProbability,0.005476
Translation,-62.395400,-9.480280,-17.172900
TranslationProbability,0.949074
