FingersNr,2.000000
FingertipsDistances,101.150000,40.991700,0.000000,0.000000,0.000000
FingertipsDistancesRefined,101.150000,40.992400,0.000000,0.000000,0.000000
FingertipsInterDistances,70.408700,0.000000,0.000000,0.000000
FingertipsPositions,101.753000,115.084000,0.000000,0.000000,0.000000,261.721000,202.356000,0.000000,0.000000,0.000000,94.743200,130.176000,0.000000,0.000000,0.000000
HandDirection,-0.009882,0.874464,-0.484989
HandSphereCenter,56.852300,195.598000,106.516000
HandSphereRadius,60.335800
PalmNormal,-0.289514,-0.466742,-0.835664
PalmPosition,90.752600,182.222000,156.309000
PalmPositionRefined,90.751100,182.222000,156.309000
PalmVelocity,229.021000,19.391000,34.967900
RotationAngle,0.233369
RotationAxis,-0.224113,-0.895471,-0.384585
RotationMatrix,0.974254,-0.083498,0.209420,0.094378,0.994629,-0.042492,-0.204747,0.061163,0.976902
RotationProbability,0.002345
ScaleFactor,0.885724
ScaleProbability,0.000857
Translation,85.189000,-12.215600,32.776400
TranslationProbability,0.996798
