FingersNr,0.000000
FingertipsDistances,0.000000,0.000000,0.000000,0.000000,0.000000
FingertipsDistancesRefined,0.000000,0.000000,0.000000,0.000000,0.000000
FingertipsInterDistances,0.000000,0.000000,0.000000,0.000000
FingertipsPositions,0.000000,0.000000,0.000000,0.000000,0.000000,0.000000,0.000000,0.000000,0.000000,0.000000,0.000000,0.000000,0.000000,0.000000,0.000000
HandDirection,0.311844,0.669262,-0.674420
HandSphereCenter,37.972300,202.816000,123.353000
HandSphereRadius,58.309400
PalmNormal,-0.511108,-0.480204,-0.712862
PalmPosition,3.691710,176.931000,154.409000
PalmPositionRefined,3.691710,176.931000,154.409000
PalmVelocity,-224.780000,-50.159400,21.306800
RotationAngle,0.225400
RotationAxis,-0.015673,-0.763898,-0.645146
RotationMatrix,0.974711,-0.143885,0.170984,0.144490,0.989466,0.008963,-0.170472,0.015969,0.985233
RotationProbability,0.028469
ScaleFactor,0.922376
ScaleProbability,0.006818
Translation,-1.084630,5.995090,5.017560
TranslationProbability,0.964712
