FingersNr,2.000000
FingertipsDistances,100.999000,101.077000,0.000000,0.000000,0.000000
FingertipsDistancesRefined,82.613500,78.683100,0.000000,0.000000,0.000000
FingertipsInterDistances,43.727300,0.000000,0.000000,0.000000
FingertipsPositions,-24.097800,19.471300,0.000000,0.000000,0.000000,301.430000,297.810000,0.000000,0.000000,0.000000,140.245000,139.405000,0.000000,0.000000,0.000000
HandDirection,0.096821,0.767264,-0.633980
HandSphereCenter,-5.316570,244.325000,166.428000
HandSphereRadius,54.426600
PalmNormal,-0.184387,-0.612120,-0.768968
PalmPosition,-6.812560,231.196000,210.738000
PalmPositionRefined,0.644403,237.011000,185.666000
PalmVelocity,-4.958590,-3.388300,-10.705100
RotationAngle,0.095904
RotationAxis,-0.621810,0.065370,0.780436
RotationMatrix,0.997182,0.074545,-0.008490,-0.074918,0.995424,-0.059308,0.004030,0.059777,0.998204
RotationProbability,0.000006
ScaleFactor,0.984097
ScaleProbability,0.000000
Translation,-26.586300,-9.805270,117.011000
TranslationProbability,0.999994
