FingersNr,0.000000
FingertipsDistances,0.000000,0.000000,0.000000,0.000000,0.000000
FingertipsDistancesRefined,0.000000,0.000000,0.000000,0.000000,0.000000
FingertipsInterDistances,0.000000,0.000000,0.000000,0.000000
FingertipsPositions,0.000000,0.000000,0.000000,0.000000,0.000000,0.000000,0.000000,0.000000,0.000000,0.000000,0.000000,0.000000,0.000000,0.000000,0.000000
HandDirection,0.470164,0.701865,-0.535099
HandSphereCenter,141.622000,221.613000,242.492000
HandSphereRadius,48.809700
PalmNormal,-0.245326,-0.478467,-0.843140
PalmPosition,155.686000,227.851000,262.684000
PalmPositionRefined,155.686000,227.851000,262.684000
PalmVelocity,129.418000,-16.115000,-41.592300
RotationAngle,0.070785
RotationAxis,-0.021466,-0.282018,0.959169
RotationMatrix,0.997497,0.067853,0.019894,-0.067823,0.997695,-0.002196,-0.019998,0.000841,0.999800
RotationProbability,0.000016
ScaleFactor,0.845386
ScaleProbability,0.000002
Translation,72.114200,-30.471000,9.972360
TranslationProbability,0.999982
