FingersNr,2.000000
FingertipsDistances,108.386000,107.408000,0.000000,0.000000,0.000000
FingertipsDistancesRefined,107.143000,105.597000,0.000000,0.000000,0.000000
FingertipsInterDistances,62.119100,0.000000,0.000000,0.000000
FingertipsPositions,-25.868000,30.121200,0.000000,0.000000,0.000000,337.839000,335.785000,0.000000,0.000000,0.000000,132.844000,106.015000,0.000000,0.000000,0.000000
HandDirection,-0.162814,0.918675,-0.359900
HandSphereCenter,16.980900,282.206000,137.564000
HandSphereRadius,54.054200
PalmNormal,-0.015175,-0.367056,-0.930075
PalmPosition,22.011600,245.716000,163.965000
PalmPositionRefined,23.853800,248.686000,165.388000
PalmVelocity,22.460800,-8.663090,0.467475
RotationAngle,0.000000
RotationAxis,0.000000,0.000000,0.000000
RotationMatrix,1.000000,0.000000,0.000000,0.000000,1.000000,0.000000,0.000000,0.000000,1.000000
RotationProbability,0.000000
ScaleFactor,1.000000
ScaleProbability,0.000000
Translation,0.000000,0.000000,0.000000
TranslationProbability,0.000000
