FingersNr,2.000000
FingertipsDistances,109.167000,108.518000,0.000000,0.000000,0.000000
FingertipsDistancesRefined,109.373000,109.889000,0.000000,0.000000,0.000000
FingertipsInterDistances,63.652700,0.000000,0.000000,0.000000
FingertipsPositions,40.638000,99.295200,0.000000,0.000000,0.000000,347.518000,324.327000,0.000000,0.000000,0.000000,51.569300,43.015000,0.000000,0.000000,0.000000
HandDirection,0.156783,0.708972,-0.687588
HandSphereCenter,62.699600,292.208000,83.410400
HandSphereRadius,54.173400
PalmNormal,-0.160340,-0.668690,-0.726047
PalmPosition,54.760200,266.396000,123.245000
PalmPositionRefined,52.799300,266.594000,124.136000
PalmVelocity,-5.346250,-25.977800,19.663300
RotationAngle,0.362197
RotationAxis,0.164127,0.734636,0.658311
RotationMatrix,0.936868,0.241082,-0.253293,-0.225437,0.970135,0.089532,0.267313,-0.026778,0.963237
RotationProbability,0.434155
ScaleFactor,0.943520
ScaleProbability,0.029184
Translation,85.963700,-0.409125,-12.966800
TranslationProbability,0.536662
