FingersNr,2.000000
FingertipsDistances,106.516000,106.680000,0.000000,0.000000,0.000000
FingertipsDistancesRefined,106.920000,105.949000,0.000000,0.000000,0.000000
FingertipsInterDistances,62.096800,0.000000,0.000000,0.000000
FingertipsPositions,-70.158100,-11.418000,0.000000,0.000000,0.000000,311.136000,311.797000,0.000000,0.000000,0.000000,32.543700,12.414500,0.000000,0.000000,0.000000
HandDirection,-0.224160,0.577230,-0.785212
HandSphereCenter,-21.023400,266.920000,58.465500
HandSphereRadius,55.162600
PalmNormal,-0.101763,-0.815175,-0.570205
PalmPosition,-12.050700,259.703000,105.509000
PalmPositionRefined,-9.767070,262.662000,106.266000
PalmVelocity,2.859370,8.727930,-2.242850
RotationAngle,0.400678
RotationAxis,0.245091,-0.593932,-0.766273
RotationMatrix,0.925554,-0.310409,0.216784,0.287350,0.948736,0.131643,-0.246534,-0.059549,0.967303
RotationProbability,0.545483
ScaleFactor,0.897957
ScaleProbability,0.013952
Translation,-110.037000,-24.278900,-24.319100
TranslationProbability,0.440565
