FingersNr,2.000000
FingertipsDistances,105.582000,106.576000,0.000000,0.000000,0.000000
FingertipsDistancesRefined,105.250000,104.588000,0.000000,0.000000,0.000000
FingertipsInterDistances,62.549300,0.000000,0.000000,0.000000
FingertipsPositions,-96.292900,-40.032900,0.000000,0.000000,0.000000,273.291000,283.208000,0.000000,0.000000,0.000000,36.462600,10.989300,0.000000,0.000000,0.000000
HandDirection,-0.319832,0.431499,-0.843514
HandSphereCenter,-37.863500,241.308000,60.551200
HandSphereRadius,52.860800
PalmNormal,-0.084952,-0.899751,-0.428056
PalmPosition,-25.449400,239.912000,107.276000
PalmPositionRefined,-23.407900,243.878000,106.464000
PalmVelocity,9.811190,15.184000,23.440800
RotationAngle,0.184999
RotationAxis,0.488444,-0.616386,-0.617649
RotationMatrix,0.987007,-0.118751,0.108233,0.108476,0.989419,0.096343,-0.118529,-0.083351,0.989446
RotationProbability,0.035866
ScaleFactor,0.997180
ScaleProbability,0.001467
Translation,-27.786300,-32.460400,0.206936
TranslationProbability,0.962668
