FingersNr,2.000000
FingertipsDistances,112.885000,117.109000,0.000000,0.000000,0.000000
FingertipsDistancesRefined,114.192000,118.125000,0.000000,0.000000,0.000000
FingertipsInterDistances,59.261800,0.000000,0.000000,0.000000
FingertipsPositions,30.548800,81.933800,0.000000,0.000000,0.000000,350.732000,326.628000,0.000000,0.000000,0.000000,97.111000,80.065100,0.000000,0.000000,0.000000
HandDirection,0.339096,0.782713,-0.521894
HandSphereCenter,24.813600,281.906000,75.396600
HandSphereRadius,64.685800
PalmNormal,-0.030849,-0.545213,-0.837730
PalmPosition,18.652900,245.340000,135.763000
PalmPositionRefined,18.156000,243.689000,134.899000
PalmVelocity,-4.598130,3.016730,22.851100
RotationAngle,0.497890
RotationAxis,0.228869,0.315850,0.920792
RotationMatrix,0.884951,0.448522,-0.125256,-0.430969,0.890704,0.144611,0.176427,-0.073992,0.981529
RotationProbability,0.013148
ScaleFactor,0.804436
ScaleProbability,0.000009
Translation,90.352200,-33.375200,7.151310
TranslationProbability,0.986843
