FingersNr,2.000000
FingertipsDistances,110.044000,111.071000,0.000000,0.000000,0.000000
FingertipsDistancesRefined,110.044000,111.071000,0.000000,0.000000,0.000000
FingertipsInterDistances,53.684000,0.000000,0.000000,0.000000
FingertipsPositions,101.176000,152.021000,0.000000,0.000000,0.000000,262.692000,246.475000,0.000000,0.000000,0.000000,95.877600,101.692000,0.000000,0.000000,0.000000
HandDirection,0.163819,0.731834,-0.661500
HandSphereCenter,54.217700,199.204000,94.580200
HandSphereRadius,65.049200
PalmNormal,-0.283911,-0.607212,-0.742084
PalmPosition,92.756900,180.498000,168.561000
PalmPositionRefined,92.756900,180.498000,168.561000
PalmVelocity,157.775000,-11.078800,41.685200
RotationAngle,0.045248
RotationAxis,-0.174965,0.211435,0.961604
RotationMatrix,0.999008,0.043459,-0.009736,-0.043535,0.999022,-0.007706,0.009392,0.008122,0.999923
RotationProbability,0.000467
ScaleFactor,0.978832
ScaleProbability,0.000026
Translation,67.834100,-16.791300,25.961700
TranslationProbability,0.999507
