FingersNr,1.000000
FingertipsDistances,120.014000,0.000000,0.000000,0.000000,0.000000
FingertipsDistancesRefined,119.976000,0.000000,0.000000,0.000000,0.000000
FingertipsInterDistances,0.000000,0.000000,0.000000,0.000000
FingertipsPositions,102.852000,0.000000,0.000000,0.000000,0.000000,322.005000,0.000000,0.000000,0.000000,0.000000,-52.200300,0.000000,0.000000,0.000000,0.000000
HandDirection,0.013491,0.552281,-0.833549
HandSphereCenter,54.854400,280.728000,-2.113810
HandSphereRadius,66.263300
PalmNormal,-0.091822,-0.829418,-0.551030
PalmPosition,61.148200,236.497000,20.960400
PalmPositionRefined,63.139400,236.595000,22.111300
PalmVelocity,-60.163400,-0.077748,-22.226100
RotationAngle,0.051173
RotationAxis,-0.261988,-0.961133,-0.087098
RotationMatrix,0.998781,-0.004126,0.049193,0.004785,0.999900,-0.013291,-0.049133,0.013511,0.998701
RotationProbability,0.000130
ScaleFactor,0.973002
ScaleProbability,0.000011
Translation,66.315400,3.148100,-13.488800
TranslationProbability,0.999859
