FingersNr,2.000000
FingertipsDistances,114.004000,100.661000,0.000000,0.000000,0.000000
FingertipsDistancesRefined,109.926000,86.566800,0.000000,0.000000,0.000000
FingertipsInterDistances,67.111700,0.000000,0.000000,0.000000
FingertipsPositions,-23.302300,31.933300,0.000000,0.000000,0.000000,317.739000,281.176000,0.000000,0.000000,0.000000,146.223000,135.448000,0.000000,0.000000,0.000000
HandDirection,0.251716,0.836363,-0.486966
HandSphereCenter,-10.372300,250.241000,186.523000
HandSphereRadius,58.301700
PalmNormal,-0.341179,-0.394179,-0.853358
PalmPosition,-9.654790,220.517000,204.176000
PalmPositionRefined,-2.592410,214.944000,179.210000
PalmVelocity,-4.215060,5.176020,15.807600
RotationAngle,0.084598
RotationAxis,-0.963644,-0.145685,0.223977
RotationMatrix,0.999745,0.019428,0.011538,-0.018423,0.996500,-0.081542,-0.013082,0.081309,0.996603
RotationProbability,0.473415
ScaleFactor,1.046580
ScaleProbability,0.107341
Translation,-0.597664,5.472120,7.616540
TranslationProbability,0.419244
