FingersNr,2.000000
FingertipsDistances,105.803000,108.492000,0.000000,0.000000,0.000000
FingertipsDistancesRefined,105.966000,108.595000,0.000000,0.000000,0.000000
FingertipsInterDistances,50.455800,0.000000,0.000000,0.000000
FingertipsPositions,-35.026100,12.730900,0.000000,0.000000,0.000000,266.813000,254.209000,0.000000,0.000000,0.000000,40.286900,29.981600,0.000000,0.000000,0.000000
HandDirection,0.131027,0.619715,-0.773813
HandSphereCenter,-12.739600,205.213000,72.197000
HandSphereRadius,57.613500
PalmNormal,-0.022201,-0.778512,-0.627237
PalmPosition,-19.808500,189.033000,110.379000
PalmPositionRefined,-19.668500,188.966000,110.520000
PalmVelocity,-188.068000,92.338500,-183.554000
RotationAngle,0.107044
RotationAxis,0.391435,-0.919304,-0.040723
RotationMatrix,0.995153,-0.006411,0.098126,0.002291,0.999114,0.042035,-0.098309,-0.041606,0.994286
RotationProbability,0.000097
ScaleFactor,1.001370
ScaleProbability,0.000003
Translation,38.439300,4.481060,2.956470
TranslationProbability,0.999899
