FingersNr,2.000000
FingertipsDistances,109.535000,110.795000,0.000000,0.000000,0.000000
FingertipsDistancesRefined,111.123000,110.917000,0.000000,0.000000,0.000000
FingertipsInterDistances,55.122600,0.000000,0.000000,0.000000
FingertipsPositions,-13.952300,39.494900,0.000000,0.000000,0.000000,282.698000,269.651000,0.000000,0.000000,0.000000,63.507700,60.087700,0.000000,0.000000,0.000000
HandDirection,0.250471,0.624274,-0.739964
HandSphereCenter,4.947060,212.751000,70.925700
HandSphereRadius,64.457900
PalmNormal,-0.050554,-0.754851,-0.653945
PalmPosition,-4.840820,196.614000,130.624000
PalmPositionRefined,-1.933620,195.840000,131.768000
PalmVelocity,-156.481000,79.670800,-95.403100
RotationAngle,0.150273
RotationAxis,-0.504234,0.099418,0.857825
RotationMatrix,0.991596,0.127859,-0.019758,-0.128988,0.988842,-0.074527,0.010009,0.076449,0.997023
RotationProbability,0.000654
ScaleFactor,1.003730
ScaleProbability,0.000015
Translation,53.047500,-1.626830,39.014400
TranslationProbability,0.999330
