FingersNr,2.000000
FingertipsDistances,107.436000,110.830000,0.000000,0.000000,0.000000
FingertipsDistancesRefined,115.829000,119.300000,0.000000,0.000000,0.000000
FingertipsInterDistances,55.707700,0.000000,0.000000,0.000000
FingertipsPositions,23.591900,78.635900,0.000000,0.000000,0.000000,322.860000,321.018000,0.000000,0.000000,0.000000,79.639500,71.266400,0.000000,0.000000,0.000000
HandDirection,0.020047,0.809316,-0.587031
HandSphereCenter,59.607300,272.011000,113.516000
HandSphereRadius,54.659100
PalmNormal,-0.120558,-0.580908,-0.804992
PalmPosition,51.288200,237.920000,139.310000
PalmPositionRefined,51.676200,233.218000,147.404000
PalmVelocity,0.465441,17.092200,-38.776600
RotationAngle,0.198737
RotationAxis,0.971584,-0.229390,-0.058345
RotationMatrix,0.998897,-0.015906,0.044173,0.007132,0.981353,0.192084,-0.046404,-0.191558,0.980384
RotationProbability,0.002833
ScaleFactor,0.999039
ScaleProbability,0.000033
Translation,-1.956400,50.155500,-37.430500
TranslationProbability,0.997133
