FingersNr,2.000000
FingertipsDistances,106.810000,109.952000,0.000000,0.000000,0.000000
FingertipsDistancesRefined,108.458000,110.008000,0.000000,0.000000,0.000000
FingertipsInterDistances,55.875500,0.000000,0.000000,0.000000
FingertipsPositions,-49.881300,3.585090,0.000000,0.000000,0.000000,310.271000,311.996000,0.000000,0.000000,0.000000,73.427800,57.289600,0.000000,0.000000,0.000000
HandDirection,-0.088097,0.780415,-0.619024
HandSphereCenter,-10.829000,255.119000,87.506400
HandSphereRadius,57.727900
PalmNormal,-0.006206,-0.621858,-0.783105
PalmPosition,-6.976430,231.588000,131.535000
PalmPositionRefined,-3.727960,231.260000,131.654000
PalmVelocity,-23.891100,-7.046210,6.077960
RotationAngle,0.121977
RotationAxis,0.295941,-0.100144,-0.949942
RotationMatrix,0.993221,-0.115804,0.010096,0.115363,0.992645,0.036715,-0.014274,-0.035302,0.999275
RotationProbability,0.003829
ScaleFactor,0.992437
ScaleProbability,0.000316
Translation,-71.996800,-8.658720,-11.636500
TranslationProbability,0.995855
