FingersNr,2.000000
FingertipsDistances,101.716000,107.214000,0.000000,0.000000,0.000000
FingertipsDistancesRefined,100.804000,107.204000,0.000000,0.000000,0.000000
FingertipsInterDistances,55.646600,0.000000,0.000000,0.000000
FingertipsPositions,38.617200,93.178500,0.000000,0.000000,0.000000,326.865000,324.773000,0.000000,0.000000,0.000000,96.475300,85.740900,0.000000,0.000000,0.000000
HandDirection,-0.006333,0.811921,-0.583732
HandSphereCenter,64.126500,270.753000,111.297000
HandSphereRadius,56.841900
PalmNormal,-0.276613,-0.562389,-0.779233
PalmPosition,64.643000,246.855000,153.634000
PalmPositionRefined,63.044600,247.667000,153.854000
PalmVelocity,8.492720,-15.791400,-3.029600
RotationAngle,0.165007
RotationAxis,-0.193504,-0.556415,0.808059
RotationMatrix,0.986926,0.134194,0.089273,-0.131269,0.990622,-0.037892,-0.093521,0.025678,0.995286
RotationProbability,0.000270
ScaleFactor,0.984792
ScaleProbability,0.000007
Translation,82.181200,14.283300,24.407300
TranslationProbability,0.999723
