FingersNr,2.000000
FingertipsDistances,112.789000,112.905000,0.000000,0.000000,0.000000
FingertipsDistancesRefined,112.528000,112.511000,0.000000,0.000000,0.000000
FingertipsInterDistances,56.069900,0.000000,0.000000,0.000000
FingertipsPositions,-93.976700,-44.192600,0.000000,0.000000,0.000000,305.184000,301.915000,0.000000,0.000000,0.000000,106.927000,81.340200,0.000000,0.000000,0.000000
HandDirection,-0.196374,0.687803,-0.698831
HandSphereCenter,-51.773400,250.347000,121.310000
HandSphereRadius,54.874900
PalmNormal,0.061601,-0.702646,-0.708868
PalmPosition,-41.771200,219.544000,158.519000
PalmPositionRefined,-40.330200,221.982000,160.426000
PalmVelocity,0.963466,-4.414840,-13.857600
RotationAngle,0.136383
RotationAxis,0.542620,0.027263,-0.839536
RotationMatrix,0.993448,-0.114006,-0.007937,0.114281,0.990721,0.073562,-0.000523,-0.073987,0.997259
RotationProbability,0.000721
ScaleFactor,0.981989
ScaleProbability,0.000034
Translation,-60.201500,46.937200,0.843697
TranslationProbability,0.999245
