FingersNr,2.000000
FingertipsDistances,107.184000,110.566000,0.000000,0.000000,0.000000
FingertipsDistancesRefined,111.393000,118.283000,0.000000,0.000000,0.000000
FingertipsInterDistances,54.559200,0.000000,0.000000,0.000000
FingertipsPositions,-58.306900,-7.916880,0.000000,0.000000,0.000000,342.359000,340.554000,0.000000,0.000000,0.000000,54.378400,33.538700,0.000000,0.000000,0.000000
HandDirection,-0.171666,0.688448,-0.704678
HandSphereCenter,-21.032000,296.281000,81.573500
HandSphereRadius,54.712300
PalmNormal,0.020702,-0.712617,-0.701248
PalmPosition,-12.694300,268.554000,117.313000
PalmPositionRefined,-18.066200,266.037000,124.835000
PalmVelocity,4.078930,-8.179740,-5.380250
RotationAngle,0.024956
RotationAxis,0.194297,0.465266,0.863583
RotationMatrix,0.999700,0.021581,-0.011559,-0.021524,0.999756,0.004974,0.011664,-0.004724,0.999921
RotationProbability,0.000280
ScaleFactor,0.968817
ScaleProbability,0.000050
Translation,32.873600,39.161900,-49.090800
TranslationProbability,0.999670
