FingersNr,1.000000
FingertipsDistances,94.032400,0.000000,0.000000,0.000000,0.000000
FingertipsDistancesRefined,92.595600,0.000000,0.000000,0.000000,0.000000
FingertipsInterDistances,0.000000,0.000000,0.000000,0.000000
FingertipsPositions,-101.914000,0.000000,0.000000,0.000000,0.000000,188.389000,0.000000,0.000000,0.000000,0.000000,74.232300,0.000000,0.000000,0.000000,0.000000
HandDirection,-0.387574,0.281787,-0.877714
HandSphereCenter,-66.434900,144.882000,111.861000
HandSphereRadius,71.115500
PalmNormal,-0.016132,-0.954062,-0.299175
PalmPosition,-55.101800,150.393000,146.392000
PalmPositionRefined,-55.918900,147.908000,143.657000
PalmVelocity,8.494140,24.583900,26.501100
RotationAngle,0.241885
RotationAxis,0.243289,-0.808216,-0.536280
RotationMatrix,0.972611,-0.134181,0.189796,0.122733,0.989904,0.070894,-0.197393,-0.045658,0.979261
RotationProbability,0.000181
ScaleFactor,2.838760
ScaleProbability,0.658948
Translation,-160.872000,-37.257100,11.469300
TranslationProbability,0.340872
