FingersNr,2.000000
FingertipsDistances,95.408600,83.976900,0.000000,0.000000,0.000000
FingertipsDistancesRefined,95.407600,83.975700,0.000000,0.000000,0.000000
FingertipsInterDistances,66.751600,0.000000,0.000000,0.000000
FingertipsPositions,-89.461700,-26.385000,0.000000,0.000000,0.000000,284.390000,299.700000,0.000000,0.000000,0.000000,155.859000,171.437000,0.000000,0.000000,0.000000
HandDirection,-0.061916,0.610083,-0.789914
HandSphereCenter,-53.680700,275.952000,200.172000
HandSphereRadius,60.022600
PalmNormal,0.499644,-0.666179,-0.553680
PalmPosition,-38.946200,228.851000,214.735000
PalmPositionRefined,-38.946700,228.853000,214.736000
PalmVelocity,28.338700,-101.874000,-12.916800
RotationAngle,0.098034
RotationAxis,0.203910,0.955012,0.215345
RotationMatrix,0.995398,0.022013,-0.093264,-0.020143,0.999578,0.020946,0.093686,-0.018971,0.995421
RotationProbability,0.082360
ScaleFactor,0.879128
ScaleProbability,0.064536
Translation,12.871600,-46.648400,-15.301600
TranslationProbability,0.853104
