FingersNr,2.000000
FingertipsDistances,85.166800,66.398400,0.000000,0.000000,0.000000
FingertipsDistancesRefined,85.743700,66.827700,0.000000,0.000000,0.000000
FingertipsInterDistances,82.458300,0.000000,0.000000,0.000000
FingertipsPositions,-40.649700,40.134700,0.000000,0.000000,0.000000,236.129000,235.391000,0.000000,0.000000,0.000000,66.411200,82.925100,0.000000,0.000000,0.000000
HandDirection,0.145286,0.432504,-0.889849
HandSphereCenter,17.269400,200.832000,113.378000
HandSphereRadius,57.676200
PalmNormal,0.110711,-0.900851,-0.419775
PalmPosition,5.376730,207.166000,131.955000
PalmPositionRefined,5.538350,206.732000,132.399000
PalmVelocity,-69.739100,134.896000,-81.050500
RotationAngle,0.167000
RotationAxis,0.411873,0.535386,0.737376
RotationMatrix,0.988448,0.125638,-0.084769,-0.119503,0.990076,0.073956,0.093220,-0.062971,0.993652
RotationProbability,0.005998
ScaleFactor,0.930086
ScaleProbability,0.000516
Translation,18.623100,-22.052800,-32.008100
TranslationProbability,0.993486
