FingersNr,2.000000
FingertipsDistances,77.186800,102.106000,0.000000,0.000000,0.000000
FingertipsDistancesRefined,77.191800,102.108000,0.000000,0.000000,0.000000
FingertipsInterDistances,100.180000,0.000000,0.000000,0.000000
FingertipsPositions,-104.856000,-19.171300,0.000000,0.000000,0.000000,282.283000,324.749000,0.000000,0.000000,0.000000,39.299600,9.454340,0.000000,0.000000,0.000000
HandDirection,-0.115340,0.515581,-0.849042
HandSphereCenter,-31.173000,271.862000,66.926300
HandSphereRadius,57.924000
PalmNormal,0.216984,-0.821027,-0.528046
PalmPosition,-49.530900,273.536000,92.407200
PalmPositionRefined,-49.525400,273.530000,92.407900
PalmVelocity,-154.434000,154.985000,-17.711000
RotationAngle,0.104603
RotationAxis,0.271056,0.933268,0.235670
RotationMatrix,0.994936,0.025989,-0.097095,-0.023224,0.999295,0.029504,0.097794,-0.027099,0.994838
RotationProbability,0.000069
ScaleFactor,0.906293
ScaleProbability,0.000008
Translation,-69.652800,53.975700,-29.225800
TranslationProbability,0.999923
