FingersNr,2.000000
FingertipsDistances,84.903200,110.689000,0.000000,0.000000,0.000000
FingertipsDistancesRefined,82.233200,110.132000,0.000000,0.000000,0.000000
FingertipsInterDistances,100.492000,0.000000,0.000000,0.000000
FingertipsPositions,-61.415200,16.177800,0.000000,0.000000,0.000000,392.606000,454.348000,0.000000,0.000000,0.000000,21.670500,5.368100,0.000000,0.000000,0.000000
HandDirection,-0.301934,0.474355,-0.826936
HandSphereCenter,-13.631700,406.559000,46.536400
HandSphereRadius,56.199900
PalmNormal,0.251546,-0.797038,-0.549050
PalmPosition,-1.522810,373.325000,78.676900
PalmPositionRefined,-4.815070,374.829000,78.615500
PalmVelocity,129.690000,-57.563000,0.074221
RotationAngle,0.025588
RotationAxis,0.617375,0.765976,-0.179245
RotationMatrix,0.999797,-0.004431,-0.019632,0.004740,0.999865,0.015750,0.019560,-0.015839,0.999683
RotationProbability,0.000001
ScaleFactor,1.032680
ScaleProbability,0.000000
Translation,144.948000,45.002600,-3.155890
TranslationProbability,0.999999
