FingersNr,2.000000
FingertipsDistances,77.205900,104.996000,0.000000,0.000000,0.000000
FingertipsDistancesRefined,77.060400,103.394000,0.000000,0.000000,0.000000
FingertipsInterDistances,97.373300,0.000000,0.000000,0.000000
FingertipsPositions,72.539800,160.056000,0.000000,0.000000,0.000000,305.997000,348.563000,0.000000,0.000000,0.000000,28.760900,25.515800,0.000000,0.000000,0.000000
HandDirection,-0.084794,0.368678,-0.925681
HandSphereCenter,110.237000,323.574000,60.991300
HandSphereRadius,56.110400
PalmNormal,0.023865,-0.928009,-0.371792
PalmPosition,105.473000,295.445000,97.788700
PalmPositionRefined,107.037000,295.820000,96.912600
PalmVelocity,-23.617400,-4.639700,8.098550
RotationAngle,0.214281
RotationAxis,0.395612,0.222753,0.890995
RotationMatrix,0.980709,0.191481,-0.039306,-0.187450,0.978264,0.088664,0.055429,-0.079586,0.995286
RotationProbability,0.000000
ScaleFactor,0.983547
ScaleProbability,0.000000
Translation,140.115000,-91.098600,10.776500
TranslationProbability,1.000000
