FingersNr,2.000000
FingertipsDistances,99.494800,105.388000,0.000000,0.000000,0.000000
FingertipsDistancesRefined,99.404800,105.410000,0.000000,0.000000,0.000000
FingertipsInterDistances,54.295900,0.000000,0.000000,0.000000
FingertipsPositions,8.060700,61.526900,0.000000,0.000000,0.000000,304.840000,308.645000,0.000000,0.000000,0.000000,103.223000,94.566800,0.000000,0.000000,0.000000
HandDirection,-0.049480,0.853974,-0.517957
HandSphereCenter,34.879500,244.454000,104.227000
HandSphereRadius,64.236300
PalmNormal,-0.066305,-0.520257,-0.851432
PalmPosition,38.782100,228.210000,158.751000
PalmPositionRefined,38.599800,228.470000,159.046000
PalmVelocity,17.198400,-12.892800,-39.815800
RotationAngle,0.100415
RotationAxis,-0.181565,0.348733,0.919467
RotationMatrix,0.995129,0.091853,-0.035800,-0.092491,0.995575,-0.016586,0.034118,0.019816,0.999221
RotationProbability,0.000000
ScaleFactor,0.863714
ScaleProbability,0.000000
Translation,50.149100,-82.496100,18.291100
TranslationProbability,1.000000
