FingersNr,2.000000
FingertipsDistances,107.681000,111.550000,0.000000,0.000000,0.000000
FingertipsDistancesRefined,106.007000,110.026000,0.000000,0.000000,0.000000
FingertipsInterDistances,52.296600,0.000000,0.000000,0.000000
FingertipsPositions,24.545500,75.906100,0.000000,0.000000,0.000000,378.197000,378.544000,0.000000,0.000000,0.000000,84.151700,74.307400,0.000000,0.000000,0.000000
HandDirection,-0.014682,0.806941,-0.590450
HandSphereCenter,55.620700,323.987000,97.626300
HandSphereRadius,50.396700
PalmNormal,-0.102628,-0.588611,-0.801876
PalmPosition,54.549700,292.365000,141.838000
PalmPositionRefined,54.511000,295.094000,142.748000
PalmVelocity,-5.803630,-22.625400,-8.476680
RotationAngle,0.099492
RotationAxis,0.694580,-0.141662,0.705330
RotationMatrix,0.997441,0.069572,0.016494,-0.070545,0.995154,0.068497,-0.011648,-0.069485,0.997515
RotationProbability,0.000016
ScaleFactor,0.867140
ScaleProbability,0.000011
Translation,17.633000,66.675300,-18.784300
TranslationProbability,0.999973
