FingersNr,2.000000
FingertipsDistances,94.489600,95.786100,0.000000,0.000000,0.000000
FingertipsDistancesRefined,93.453900,94.600000,0.000000,0.000000,0.000000
FingertipsInterDistances,54.082000,0.000000,0.000000,0.000000
FingertipsPositions,-89.580700,-41.598300,0.000000,0.000000,0.000000,252.686000,241.303000,0.000000,0.000000,0.000000,128.080000,105.877000,0.000000,0.000000,0.000000
HandDirection,-0.078370,0.863310,-0.498551
HandSphereCenter,-62.632600,192.206000,137.028000
HandSphereRadius,57.413200
PalmNormal,0.130541,-0.486897,-0.863650
PalmPosition,-58.402000,176.380000,174.270000
PalmPositionRefined,-57.167000,178.685000,175.056000
PalmVelocity,-26.976400,-88.411900,-22.901500
RotationAngle,0.249965
RotationAxis,-0.276793,0.256886,0.925957
RotationMatrix,0.971302,0.226844,-0.071511,-0.231264,0.970972,-0.061078,0.055580,0.075863,0.995568
RotationProbability,0.000000
ScaleFactor,0.934643
ScaleProbability,0.000000
Translation,17.902100,-106.230000,51.548700
TranslationProbability,1.000000
