FingersNr,2.000000
FingertipsDistances,81.321600,85.050600,0.000000,0.000000,0.000000
FingertipsDistancesRefined,79.481200,84.568100,0.000000,0.000000,0.000000
FingertipsInterDistances,55.590500,0.000000,0.000000,0.000000
FingertipsPositions,-32.421300,20.500300,0.000000,0.000000,0.000000,240.532000,233.484000,0.000000,0.000000,0.000000,150.824000,135.334000,0.000000,0.000000,0.000000
HandDirection,-0.061257,0.853497,-0.517484
HandSphereCenter,-11.568500,173.597000,156.374000
HandSphereRadius,61.801000
PalmNormal,-0.144469,-0.520580,-0.841502
PalmPosition,-2.670370,182.343000,199.220000
PalmPositionRefined,-5.636400,181.253000,196.494000
PalmVelocity,139.406000,73.932500,205.623000
RotationAngle,0.090635
RotationAxis,-0.132751,-0.899901,0.415397
RotationMatrix,0.995968,0.038088,0.081224,-0.037108,0.999219,-0.013550,-0.081677,0.010481,0.996604
RotationProbability,0.000165
ScaleFactor,1.011320
ScaleProbability,0.000002
Translation,59.272100,-12.437300,26.904600
TranslationProbability,0.999834
