FingersNr,2.000000
FingertipsDistances,112.505000,86.384800,0.000000,0.000000,0.000000
FingertipsDistancesRefined,110.658000,86.028600,0.000000,0.000000,0.000000
FingertipsInterDistances,120.610000,0.000000,0.000000,0.000000
FingertipsPositions,-174.859000,-169.784000,0.000000,0.000000,0.000000,333.723000,218.968000,0.000000,0.000000,0.000000,68.331500,105.107000,0.000000,0.000000,0.000000
HandDirection,-0.938434,0.216591,-0.269128
HandSphereCenter,-123.698000,286.292000,120.539000
HandSphereRadius,73.479600
PalmNormal,-0.207052,0.270973,0.940055
PalmPosition,-96.853300,264.871000,111.134000
PalmPositionRefined,-97.780200,265.839000,109.514000
PalmVelocity,16.377000,-7.181870,9.888840
RotationAngle,0.326813
RotationAxis,-0.704172,-0.328648,-0.629391
RotationMatrix,0.973316,-0.189802,0.128963,0.214300,0.952787,-0.215109,-0.082046,0.237006,0.968038
RotationProbability,0.244897
ScaleFactor,1.000970
ScaleProbability,0.014758
Translation,-47.652600,15.577500,22.128700
TranslationProbability,0.740345
