FingersNr,2.000000
FingertipsDistances,83.745200,114.107000,0.000000,0.000000,0.000000
FingertipsDistancesRefined,83.567600,114.224000,0.000000,0.000000,0.000000
FingertipsInterDistances,120.193000,0.000000,0.000000,0.000000
FingertipsPositions,-10.887900,72.885700,0.000000,0.000000,0.000000,288.703000,372.018000,0.000000,0.000000,0.000000,76.123700,54.060600,0.000000,0.000000,0.000000
HandDirection,-0.483385,0.632580,-0.605129
HandSphereCenter,58.435100,311.242000,81.044400
HandSphereRadius,63.318900
PalmNormal,0.099556,0.726494,0.679923
PalmPosition,65.901300,269.351000,103.367000
PalmPositionRefined,66.056300,268.398000,101.635000
PalmVelocity,10.767100,10.355100,11.399700
RotationAngle,0.000000
RotationAxis,0.000000,0.000000,0.000000
RotationMatrix,1.000000,0.000000,0.000000,0.000000,1.000000,0.000000,0.000000,0.000000,1.000000
RotationProbability,0.000000
ScaleFactor,1.000000
ScaleProbability,0.000000
Translation,0.000000,0.000000,0.000000
TranslationProbability,0.000000
