FingersNr,2.000000
FingertipsDistances,88.440500,121.484000,0.000000,0.000000,0.000000
FingertipsDistancesRefined,88.793600,122.763000,0.000000,0.000000,0.000000
FingertipsInterDistances,120.423000,0.000000,0.000000,0.000000
FingertipsPositions,-138.523000,-93.591300,0.000000,0.000000,0.000000,272.114000,376.805000,0.000000,0.000000,0.000000,85.623100,46.605400,0.000000,0.000000,0.000000
HandDirection,-0.740872,0.417549,-0.526081
HandSphereCenter,-70.017100,320.769000,95.341500
HandSphereRadius,69.450800
PalmNormal,-0.074236,0.727564,0.682011
PalmPosition,-50.972900,275.189000,97.753900
PalmPositionRefined,-50.671100,274.094000,98.364200
PalmVelocity,4.611620,13.864400,11.955200
RotationAngle,0.370063
RotationAxis,0.102876,-0.295640,-0.949744
RotationMatrix,0.933021,-0.345556,0.100311,0.341438,0.938222,0.056215,-0.113539,-0.018200,0.993367
RotationProbability,0.000035
ScaleFactor,1.009820
ScaleProbability,0.000000
Translation,-144.691000,-5.971110,1.034930
TranslationProbability,0.999965
