FingersNr,2.000000
FingertipsDistances,84.627700,118.718000,0.000000,0.000000,0.000000
FingertipsDistancesRefined,83.854500,116.315000,0.000000,0.000000,0.000000
FingertipsInterDistances,121.732000,0.000000,0.000000,0.000000
FingertipsPositions,-66.873100,9.030820,0.000000,0.000000,0.000000,268.509000,348.053000,0.000000,0.000000,0.000000,32.094700,-20.156400,0.000000,0.000000,0.000000
HandDirection,-0.537603,0.475996,-0.695996
HandSphereCenter,3.220940,282.767000,12.418600
HandSphereRadius,63.468900
PalmNormal,0.042369,0.839631,0.541502
PalmPosition,12.816600,259.871000,59.238200
PalmPositionRefined,12.841000,261.145000,57.054400
PalmVelocity,-9.659210,2.617060,-14.320000
RotationAngle,0.329108
RotationAxis,0.466412,0.348310,0.813105
RotationMatrix,0.958006,0.271514,-0.092220,-0.254076,0.952842,0.165944,0.132927,-0.135544,0.981814
RotationProbability,0.008884
ScaleFactor,1.011220
ScaleProbability,0.000048
Translation,84.271100,-16.795000,-60.119200
TranslationProbability,0.991068
