FingersNr,2.000000
FingertipsDistances,91.688400,130.068000,0.000000,0.000000,0.000000
FingertipsDistancesRefined,91.077600,130.162000,0.000000,0.000000,0.000000
FingertipsInterDistances,120.626000,0.000000,0.000000,0.000000
FingertipsPositions,-118.307000,-59.278700,0.000000,0.000000,0.000000,251.702000,355.957000,0.000000,0.000000,0.000000,140.999000,126.960000,0.000000,0.000000,0.000000
HandDirection,-0.670899,0.583495,-0.457633
HandSphereCenter,-44.147300,289.942000,192.263000
HandSphereRadius,88.055700
PalmNormal,-0.010479,0.609610,0.792632
PalmPosition,-29.372000,231.619000,150.692000
PalmPositionRefined,-30.105300,231.461000,151.288000
PalmVelocity,-8.236210,31.307700,-29.137600
RotationAngle,0.153734
RotationAxis,-0.628924,0.324376,-0.706566
RotationMatrix,0.992871,-0.110602,-0.044430,0.105790,0.989447,-0.099010,0.054912,0.093603,0.994094
RotationProbability,0.000007
ScaleFactor,1.006110
ScaleProbability,0.000000
Translation,-80.003500,36.940000,54.427000
TranslationProbability,0.999993
