FingersNr,2.000000
FingertipsDistances,88.873100,119.274000,0.000000,0.000000,0.000000
FingertipsDistancesRefined,109.582000,148.313000,0.000000,0.000000,0.000000
FingertipsInterDistances,121.562000,0.000000,0.000000,0.000000
FingertipsPositions,-109.113000,-49.442700,0.000000,0.000000,0.000000,223.733000,321.541000,0.000000,0.000000,0.000000,38.504100,-2.120990,0.000000,0.000000,0.000000
HandDirection,-0.634682,0.401843,-0.660076
HandSphereCenter,-41.182300,259.013000,34.173400
HandSphereRadius,61.272200
PalmNormal,-0.110533,0.798177,0.592196
PalmPosition,-24.602500,226.726000,65.844300
PalmPositionRefined,-27.960400,229.205000,111.938000
PalmVelocity,10.197800,28.825700,-26.171500
RotationAngle,0.265228
RotationAxis,0.978696,0.189966,-0.077887
RotationMatrix,0.998526,-0.013915,-0.052461,0.026918,0.966295,0.256028,0.047130,-0.257063,0.965245
RotationProbability,0.000001
ScaleFactor,1.009100
ScaleProbability,0.000000
Translation,8.088850,-29.751000,-114.102000
TranslationProbability,0.999999
