FingersNr,2.000000
FingertipsDistances,100.549000,107.746000,0.000000,0.000000,0.000000
FingertipsDistancesRefined,103.570000,103.255000,0.000000,0.000000,0.000000
FingertipsInterDistances,54.113700,0.000000,0.000000,0.000000
FingertipsPositions,-105.771000,-57.062300,0.000000,0.000000,0.000000,282.620000,298.864000,0.000000,0.000000,0.000000,43.475100,26.389400,0.000000,0.000000,0.000000
HandDirection,-0.217578,0.604945,-0.765965
HandSphereCenter,-57.644500,255.791000,84.103600
HandSphereRadius,57.188400
PalmNormal,0.384375,-0.668244,-0.636951
PalmPosition,-50.646100,218.322000,97.671600
PalmPositionRefined,-37.853100,219.171000,89.171900
PalmVelocity,-39.696700,-13.350100,-9.482500
RotationAngle,0.126196
RotationAxis,-0.498259,0.178942,-0.848362
RotationMatrix,0.994022,-0.107486,-0.019161,0.106068,0.992302,-0.063919,0.025883,0.061505,0.997771
RotationProbability,0.027567
ScaleFactor,0.898593
ScaleProbability,0.039411
Translation,-23.171100,-1.789580,11.492100
TranslationProbability,0.933022
