FingersNr,2.000000
FingertipsDistances,96.389100,106.696000,0.000000,0.000000,0.000000
FingertipsDistancesRefined,91.978900,102.953000,0.000000,0.000000,0.000000
FingertipsInterDistances,54.110200,0.000000,0.000000,0.000000
FingertipsPositions,-14.966000,37.204100,0.000000,0.000000,0.000000,297.477000,309.521000,0.000000,0.000000,0.000000,34.816300,26.998000,0.000000,0.000000,0.000000
HandDirection,-0.092255,0.611459,-0.785880
HandSphereCenter,26.488400,261.237000,69.970200
HandSphereRadius,54.651300
PalmNormal,-0.036864,-0.790802,-0.610961
PalmPosition,17.917200,224.966000,89.146200
PalmPositionRefined,16.307600,221.030000,75.289100
PalmVelocity,-1.775740,-11.028200,-1.098230
RotationAngle,0.000000
RotationAxis,0.000000,0.000000,0.000000
RotationMatrix,1.000000,0.000000,0.000000,0.000000,1.000000,0.000000,0.000000,0.000000,1.000000
RotationProbability,0.000000
ScaleFactor,1.000000
ScaleProbability,0.000000
Translation,0.000000,0.000000,0.000000
TranslationProbability,0.000000
