FingersNr,2.000000
FingertipsDistances,97.442900,107.364000,0.000000,0.000000,0.000000
FingertipsDistancesRefined,96.680400,108.202000,0.000000,0.000000,0.000000
FingertipsInterDistances,54.754400,0.000000,0.000000,0.000000
FingertipsPositions,-32.644700,19.825800,0.000000,0.000000,0.000000,287.196000,300.654000,0.000000,0.000000,0.000000,25.947300,17.961700,0.000000,0.000000,0.000000
HandDirection,-0.145538,0.586536,-0.796740
HandSphereCenter,8.198900,256.394000,69.144700
HandSphereRadius,56.541900
PalmNormal,-0.032870,-0.807736,-0.588627
PalmPosition,3.212610,217.985000,84.421900
PalmPositionRefined,0.114223,218.624000,85.712200
PalmVelocity,15.986300,9.785030,-17.896500
RotationAngle,0.326123
RotationAxis,0.280479,-0.238712,0.929703
RotationMatrix,0.951438,0.294323,0.090221,-0.301381,0.950295,0.078160,-0.062733,-0.101556,0.992850
RotationProbability,0.001991
ScaleFactor,0.870748
ScaleProbability,0.000139
Translation,62.056600,1.699600,-15.877700
TranslationProbability,0.997870
