FingersNr,2.000000
FingertipsDistances,96.718300,105.822000,0.000000,0.000000,0.000000
FingertipsDistancesRefined,96.985900,106.775000,0.000000,0.000000,0.000000
FingertipsInterDistances,53.825600,0.000000,0.000000,0.000000
FingertipsPositions,-33.434300,17.904400,0.000000,0.000000,0.000000,287.793000,301.268000,0.000000,0.000000,0.000000,26.339300,17.395900,0.000000,0.000000,0.000000
HandDirection,-0.142835,0.594069,-0.791631
HandSphereCenter,10.330700,256.912000,66.277100
HandSphereRadius,55.636500
PalmNormal,0.008477,-0.799068,-0.601180
PalmPosition,4.618460,220.383000,84.323800
PalmPositionRefined,3.411800,219.536000,84.558900
PalmVelocity,-0.479036,-8.331820,10.221400
RotationAngle,0.022312
RotationAxis,-0.122566,0.895980,-0.426845
RotationMatrix,0.999755,-0.009551,-0.019977,0.009496,0.999951,-0.002830,0.020003,0.002639,0.999796
RotationProbability,0.053177
ScaleFactor,0.772060
ScaleProbability,0.795176
Translation,0.283226,0.661888,-0.848075
TranslationProbability,0.151647
