FingersNr,2.000000
FingertipsDistances,74.290100,107.932000,0.000000,0.000000,0.000000
FingertipsDistancesRefined,85.218400,118.550000,0.000000,0.000000,0.000000
FingertipsInterDistances,94.842000,0.000000,0.000000,0.000000
FingertipsPositions,-110.697000,-37.055200,0.000000,0.000000,0.000000,326.810000,386.190000,0.000000,0.000000,0.000000,187.029000,180.258000,0.000000,0.000000,0.000000
HandDirection,-0.236404,0.810261,-0.536274
HandSphereCenter,-54.296700,318.975000,193.238000
HandSphereRadius,57.387600
PalmNormal,0.183361,-0.504800,-0.843537
PalmPosition,-58.159300,290.053000,224.547000
PalmPositionRefined,-52.958700,278.276000,226.688000
PalmVelocity,-14.188800,25.478300,-16.139800
RotationAngle,0.000000
RotationAxis,0.000000,0.000000,0.000000
RotationMatrix,1.000000,0.000000,0.000000,0.000000,1.000000,0.000000,0.000000,0.000000,1.000000
RotationProbability,0.000000
ScaleFactor,1.000000
ScaleProbability,0.000000
Translation,0.000000,0.000000,0.000000
TranslationProbability,0.000000
