FingersNr,2.000000
FingertipsDistances,80.800200,100.600000,0.000000,0.000000,0.000000
FingertipsDistancesRefined,79.877300,100.848000,0.000000,0.000000,0.000000
FingertipsInterDistances,91.717600,0.000000,0.000000,0.000000
FingertipsPositions,-46.214400,39.977900,0.000000,0.000000,0.000000,226.901000,254.729000,0.000000,0.000000,0.000000,119.090000,104.646000,0.000000,0.000000,0.000000
HandDirection,-0.104401,0.538781,-0.835952
HandSphereCenter,2.427680,199.297000,132.251000
HandSphereRadius,60.446000
PalmNormal,0.072916,-0.834136,-0.546717
PalmPosition,2.122800,192.154000,173.723000
PalmPositionRefined,0.648064,193.578000,174.532000
PalmVelocity,86.038800,-86.103300,-40.377000
RotationAngle,0.296549
RotationAxis,0.384269,0.157875,0.909622
RotationMatrix,0.962796,0.268459,-0.030877,-0.263163,0.957439,0.118560,0.061392,-0.106023,0.992467
RotationProbability,0.000569
ScaleFactor,0.954194
ScaleProbability,0.000005
Translation,46.640200,-85.990900,-30.310200
TranslationProbability,0.999426
