FingersNr,2.000000
FingertipsDistances,98.770700,117.346000,0.000000,0.000000,0.000000
FingertipsDistancesRefined,98.525000,117.613000,0.000000,0.000000,0.000000
FingertipsInterDistances,114.083000,0.000000,0.000000,0.000000
FingertipsPositions,-208.418000,-138.611000,0.000000,0.000000,0.000000,344.440000,424.713000,0.000000,0.000000,0.000000,36.285600,-4.922500,0.000000,0.000000,0.000000
HandDirection,-0.445633,0.471605,-0.760920
HandSphereCenter,-145.873000,361.658000,51.013700
HandSphereRadius,57.409600
PalmNormal,0.305569,-0.718804,-0.624458
PalmPosition,-119.094000,344.465000,78.439900
PalmPositionRefined,-119.422000,344.116000,78.556300
PalmVelocity,109.158000,104.116000,-27.775500
RotationAngle,0.188448
RotationAxis,-0.148947,-0.557642,-0.816609
RotationMatrix,0.982689,-0.151509,0.106619,0.154450,0.987801,-0.019841,-0.102312,0.035965,0.994102
RotationProbability,0.000000
ScaleFactor,0.962771
ScaleProbability,0.000000
Translation,-57.746100,146.737000,-49.364800
TranslationProbability,1.000000
