FingersNr,1.000000
FingertipsDistances,115.234000,0.000000,0.000000,0.000000,0.000000
FingertipsDistancesRefined,110.257000,0.000000,0.000000,0.000000,0.000000
FingertipsInterDistances,0.000000,0.000000,0.000000,0.000000
FingertipsPositions,103.673000,0.000000,0.000000,0.000000,0.000000,206.987000,0.000000,0.000000,0.000000,0.000000,30.011200,0.000000,0.000000,0.000000,0.000000
HandDirection,0.284732,0.252062,-0.924874
HandSphereCenter,77.009100,197.513000,83.112500
HandSphereRadius,53.360300
PalmNormal,-0.071804,-0.956492,-0.282785
PalmPosition,52.217400,158.580000,121.049000
PalmPositionRefined,55.611300,161.336000,118.118000
PalmVelocity,-33.342100,-27.083400,28.800800
RotationAngle,0.063523
RotationAxis,0.250671,0.857306,0.449657
RotationMatrix,0.998110,0.028978,-0.054195,-0.028111,0.999465,0.016690,0.054650,-0.015135,0.998391
RotationProbability,0.001764
ScaleFactor,0.997544
ScaleProbability,0.000092
Translation,-19.981500,-77.537800,10.949200
TranslationProbability,0.998144
