FingersNr,2.000000
FingertipsDistances,89.197400,114.604000,0.000000,0.000000,0.000000
FingertipsDistancesRefined,90.160800,113.272000,0.000000,0.000000,0.000000
FingertipsInterDistances,128.082000,0.000000,0.000000,0.000000
FingertipsPositions,-65.184200,16.783600,0.000000,0.000000,0.000000,348.620000,438.635000,0.000000,0.000000,0.000000,228.648000,188.855000,0.000000,0.000000,0.000000
HandDirection,-0.538093,0.791486,-0.289837
HandSphereCenter,9.732370,364.074000,208.407000
HandSphereRadius,62.163000
PalmNormal,-0.160628,-0.433852,-0.886550
PalmPosition,22.365500,331.568000,229.346000
PalmPositionRefined,23.490600,332.360000,227.472000
PalmVelocity,-19.383800,27.535200,16.787200
RotationAngle,0.000000
RotationAxis,0.000000,0.000000,0.000000
RotationMatrix,1.000000,0.000000,0.000000,0.000000,1.000000,0.000000,0.000000,0.000000,1.000000
RotationProbability,0.000000
ScaleFactor,1.000000
ScaleProbability,0.000000
Translation,0.000000,0.000000,0.000000
TranslationProbability,0.000000
