FingersNr,3.000000
FingertipsDistances,86.983000,112.835000,50.600000,0.000000,0.000000
FingertipsDistancesRefined,84.243100,113.745000,52.850400,0.000000,0.000000
FingertipsInterDistances,121.781000,74.534400,0.000000,0.000000
FingertipsPositions,4.269580,75.539800,93.970400,0.000000,0.000000,299.821000,376.922000,307.496000,0.000000,0.000000,160.687000,98.989400,118.884000,0.000000,0.000000
HandDirection,-0.392737,0.739301,-0.546984
HandSphereCenter,78.268100,311.672000,147.875000
HandSphereRadius,57.631800
PalmNormal,-0.146542,-0.637482,-0.756401
PalmPosition,90.110400,286.355000,164.693000
PalmPositionRefined,87.206400,286.397000,166.866000
PalmVelocity,7.156840,20.639900,12.709300
RotationAngle,0.176865
RotationAxis,0.620464,-0.120080,0.774987
RotationMatrix,0.990406,0.135193,0.028629,-0.137517,0.984625,0.107716,-0.013626,-0.110619,0.993769
RotationProbability,0.000071
ScaleFactor,0.951040
ScaleProbability,0.000001
Translation,49.897600,-3.036160,-48.031100
TranslationProbability,0.999928
