FingersNr,2.000000
FingertipsDistances,89.267100,111.070000,0.000000,0.000000,0.000000
FingertipsDistancesRefined,93.881300,116.162000,0.000000,0.000000,0.000000
FingertipsInterDistances,121.281000,0.000000,0.000000,0.000000
FingertipsPositions,-48.541900,18.793200,0.000000,0.000000,0.000000,328.034000,405.356000,0.000000,0.000000,0.000000,136.791000,72.012200,0.000000,0.000000,0.000000
HandDirection,-0.592886,0.661240,-0.459618
HandSphereCenter,32.142800,339.691000,121.545000
HandSphereRadius,60.858700
PalmNormal,-0.090553,-0.621875,-0.777864
PalmPosition,40.024800,316.920000,135.770000
PalmPositionRefined,44.367900,315.083000,140.498000
PalmVelocity,-112.740000,37.191300,-119.988000
RotationAngle,0.156710
RotationAxis,-0.167804,-0.394699,-0.903357
RotationMatrix,0.988091,-0.140175,0.063458,0.141798,0.989655,-0.021820,-0.059743,0.030558,0.997746
RotationProbability,0.000169
ScaleFactor,0.939765
ScaleProbability,0.000008
Translation,-48.470200,30.367800,-29.378200
TranslationProbability,0.999823
