FingersNr,3.000000
FingertipsDistances,86.506800,112.904000,50.137100,0.000000,0.000000
FingertipsDistancesRefined,86.043900,113.572000,50.040100,0.000000,0.000000
FingertipsInterDistances,119.594000,74.458800,0.000000,0.000000
FingertipsPositions,-24.206200,37.107800,63.519700,0.000000,0.000000,224.546000,302.470000,237.092000,0.000000,0.000000,200.945000,134.079000,158.001000,0.000000,0.000000
HandDirection,-0.484694,0.645049,-0.590748
HandSphereCenter,50.983800,239.669000,186.588000
HandSphereRadius,57.430300
PalmNormal,-0.037769,-0.690190,-0.722642
PalmPosition,61.952200,217.465000,204.110000
PalmPositionRefined,61.347200,215.642000,203.158000
PalmVelocity,8.487660,30.828000,31.237900
RotationAngle,0.351362
RotationAxis,-0.939405,0.342807,0.001338
RotationMatrix,0.992820,-0.019214,-0.118063,-0.020135,0.946084,-0.323294,0.117910,0.323350,0.938905
RotationProbability,0.000028
ScaleFactor,0.979449
ScaleProbability,0.000000
Translation,48.167900,66.449100,-19.188600
TranslationProbability,0.999971
