FingersNr,2.000000
FingertipsDistances,99.039000,104.520000,0.000000,0.000000,0.000000
FingertipsDistancesRefined,98.810900,104.308000,0.000000,0.000000,0.000000
FingertipsInterDistances,50.323700,0.000000,0.000000,0.000000
FingertipsPositions,39.092500,86.737500,0.000000,0.000000,0.000000,411.775000,414.159000,0.000000,0.000000,0.000000,149.133000,133.110000,0.000000,0.000000,0.000000
HandDirection,-0.061603,0.877307,-0.475959
HandSphereCenter,77.497500,363.177000,168.108000
HandSphereRadius,55.359700
PalmNormal,-0.181944,-0.478745,-0.858894
PalmPosition,72.969000,329.957000,193.482000
PalmPositionRefined,72.873200,330.062000,193.239000
PalmVelocity,-8.458810,9.287360,-23.641100
RotationAngle,0.054175
RotationAxis,0.993783,-0.103351,0.041395
RotationMatrix,0.999982,0.002091,0.005657,-0.002392,0.998549,0.053807,-0.005536,-0.053819,0.998535
RotationProbability,0.000526
ScaleFactor,0.131158
ScaleProbability,0.088196
Translation,48.358800,-8.693130,8.386940
TranslationProbability,0.911278
