FingersNr,2.000000
FingertipsDistances,101.058000,103.752000,0.000000,0.000000,0.000000
FingertipsDistancesRefined,101.084000,104.223000,0.000000,0.000000,0.000000
FingertipsInterDistances,47.212200,0.000000,0.000000,0.000000
FingertipsPositions,-9.328590,36.153300,0.000000,0.000000,0.000000,346.117000,347.474000,0.000000,0.000000,0.000000,170.923000,158.332000,0.000000,0.000000,0.000000
HandDirection,-0.064297,0.923435,-0.378330
HandSphereCenter,18.781000,284.613000,169.766000
HandSphereRadius,58.654700
PalmNormal,-0.017508,-0.380100,-0.924780
PalmPosition,21.423700,256.365000,205.731000
PalmPositionRefined,20.399900,255.964000,205.662000
PalmVelocity,0.665374,32.855500,-68.229900
RotationAngle,0.000000
RotationAxis,0.000000,0.000000,0.000000
RotationMatrix,1.000000,0.000000,0.000000,0.000000,1.000000,0.000000,0.000000,0.000000,1.000000
RotationProbability,0.000000
ScaleFactor,1.000000
ScaleProbability,0.000000
Translation,0.000000,0.000000,0.000000
TranslationProbability,0.000000
