FingersNr,2.000000
FingertipsDistances,95.453800,105.690000,0.000000,0.000000,0.000000
FingertipsDistancesRefined,95.843800,106.077000,0.000000,0.000000,0.000000
FingertipsInterDistances,48.272000,0.000000,0.000000,0.000000
FingertipsPositions,63.700100,109.778000,0.000000,0.000000,0.000000,370.842000,376.315000,0.000000,0.000000,0.000000,166.434000,153.127000,0.000000,0.000000,0.000000
HandDirection,0.001190,0.890968,-0.454064
HandSphereCenter,88.937300,313.735000,167.437000
HandSphereRadius,56.419900
PalmNormal,-0.181944,-0.446293,-0.876196
PalmPosition,87.993300,287.473000,206.068000
PalmPositionRefined,87.916500,286.900000,205.847000
PalmVelocity,-4.330810,43.451900,-8.444560
RotationAngle,0.129479
RotationAxis,0.488299,-0.675643,0.552332
RotationMatrix,0.993625,0.068554,0.089495,-0.074077,0.995450,0.059924,-0.084979,-0.066171,0.994183
RotationProbability,0.000003
ScaleFactor,0.906689
ScaleProbability,0.000000
Translation,71.143400,27.812500,-5.097510
TranslationProbability,0.999996
