FingersNr,2.000000
FingertipsDistances,96.338000,115.470000,0.000000,0.000000,0.000000
FingertipsDistancesRefined,97.837100,115.757000,0.000000,0.000000,0.000000
FingertipsInterDistances,121.179000,0.000000,0.000000,0.000000
FingertipsPositions,-141.330000,-83.138800,0.000000,0.000000,0.000000,232.028000,298.948000,0.000000,0.000000,0.000000,210.702000,128.120000,0.000000,0.000000,0.000000
HandDirection,-0.690895,0.545020,-0.474992
HandSphereCenter,-57.670000,242.955000,177.610000
HandSphereRadius,60.319900
PalmNormal,-0.013127,-0.666363,-0.745511
PalmPosition,-45.895700,220.543000,204.271000
PalmPositionRefined,-44.391600,220.609000,204.023000
PalmVelocity,-5.538680,-6.286940,-1.622460
RotationAngle,0.057399
RotationAxis,0.226048,0.596311,-0.770270
RotationMatrix,0.998437,-0.043967,-0.034496,0.044411,0.998939,0.012211,0.033922,-0.013724,0.999330
RotationProbability,0.000020
ScaleFactor,0.972587
ScaleProbability,0.000001
Translation,-76.146000,-9.134790,28.564900
TranslationProbability,0.999979
