FingersNr,3.000000
FingertipsDistances,87.812600,112.571000,52.286300,0.000000,0.000000
FingertipsDistancesRefined,87.486700,111.798000,51.941300,0.000000,0.000000
FingertipsInterDistances,125.500000,73.475500,0.000000,0.000000
FingertipsPositions,-45.994500,18.408800,43.193400,0.000000,0.000000,282.483000,376.177000,308.046000,0.000000,0.000000,212.812000,159.672000,171.615000,0.000000,0.000000
HandDirection,-0.495756,0.718395,-0.487992
HandSphereCenter,27.406500,310.646000,203.621000
HandSphereRadius,59.279500
PalmNormal,-0.002118,-0.562901,-0.826521
PalmPosition,41.716900,282.151000,217.015000
PalmPositionRefined,41.384500,283.057000,217.114000
PalmVelocity,47.237400,-178.523000,-28.683100
RotationAngle,0.110568
RotationAxis,0.745311,0.379151,-0.548412
RotationMatrix,0.997286,-0.058787,-0.044332,0.062238,0.994771,0.080969,0.039340,-0.083509,0.995730
RotationProbability,0.000995
ScaleFactor,0.943152
ScaleProbability,0.000044
Translation,11.276200,-56.525400,-21.959500
TranslationProbability,0.998960
