FingersNr,2.000000
FingertipsDistances,93.485400,112.930000,0.000000,0.000000,0.000000
FingertipsDistancesRefined,93.963100,111.844000,0.000000,0.000000,0.000000
FingertipsInterDistances,120.228000,0.000000,0.000000,0.000000
FingertipsPositions,-115.991000,-49.638800,0.000000,0.000000,0.000000,306.006000,374.959000,0.000000,0.000000,0.000000,173.641000,100.857000,0.000000,0.000000,0.000000
HandDirection,-0.622388,0.608524,-0.492272
HandSphereCenter,-31.123300,326.532000,154.228000
HandSphereRadius,62.815800
PalmNormal,-0.049529,-0.658293,-0.751131
PalmPosition,-23.685800,291.280000,172.113000
PalmPositionRefined,-23.006300,292.623000,171.713000
PalmVelocity,-50.804900,-94.299400,14.419300
RotationAngle,0.068669
RotationAxis,0.599225,-0.267039,-0.754731
RotationMatrix,0.998489,-0.052164,0.017257,0.051410,0.997811,0.041592,-0.019389,-0.040641,0.998986
RotationProbability,0.000018
ScaleFactor,0.954828
ScaleProbability,0.000001
Translation,-67.110900,-25.416700,31.304400
TranslationProbability,0.999980
