FingersNr,2.000000
FingertipsDistances,75.360000,92.657400,0.000000,0.000000,0.000000
FingertipsDistancesRefined,74.309100,90.610200,0.000000,0.000000,0.000000
FingertipsInterDistances,113.694000,0.000000,0.000000,0.000000
FingertipsPositions,-72.402500,-14.585000,0.000000,0.000000,0.000000,167.842000,225.501000,0.000000,0.000000,0.000000,228.109000,148.996000,0.000000,0.000000,0.000000
HandDirection,-0.668447,0.338417,-0.662309
HandSphereCenter,-8.178620,172.252000,202.629000
HandSphereRadius,53.772500
PalmNormal,-0.166066,-0.935917,-0.310616
PalmPosition,2.630510,173.052000,223.414000
PalmPositionRefined,1.376150,171.679000,220.120000
PalmVelocity,4.981710,-2.647840,-12.281200
RotationAngle,0.300151
RotationAxis,0.968180,-0.243168,0.059130
RotationMatrix,0.997200,0.006957,0.074455,-0.028008,0.957936,0.285613,-0.069337,-0.286899,0.955448
RotationProbability,0.000287
ScaleFactor,0.848320
ScaleProbability,0.000001
Translation,31.284400,-143.848000,51.072800
TranslationProbability,0.999712
