FingersNr,3.000000
FingertipsDistances,85.720100,111.126000,47.561800,0.000000,0.000000
FingertipsDistancesRefined,85.933500,111.902000,47.947200,0.000000,0.000000
FingertipsInterDistances,121.202000,73.948000,0.000000,0.000000
FingertipsPositions,40.661900,109.419000,129.433000,0.000000,0.000000,243.255000,318.435000,250.543000,0.000000,0.000000,181.834000,116.179000,137.591000,0.000000,0.000000
HandDirection,-0.382276,0.760830,-0.524407
HandSphereCenter,112.993000,251.498000,159.636000
HandSphereRadius,56.580600
PalmNormal,-0.188570,-0.619799,-0.761768
PalmPosition,125.062000,228.453000,179.484000
PalmPositionRefined,125.088000,227.421000,179.370000
PalmVelocity,-23.624300,9.981450,-23.535900
RotationAngle,0.125248
RotationAxis,-0.290308,-0.079960,0.953587
RotationMatrix,0.992827,0.119304,0.007820,-0.118941,0.992217,-0.036863,-0.012157,0.035668,0.999290
RotationProbability,0.000223
ScaleFactor,1.002370
ScaleProbability,0.000006
Translation,69.811300,14.453900,-20.185400
TranslationProbability,0.999770
