FingersNr,2.000000
FingertipsDistances,91.911300,113.554000,0.000000,0.000000,0.000000
FingertipsDistancesRefined,93.793300,113.231000,0.000000,0.000000,0.000000
FingertipsInterDistances,119.437000,0.000000,0.000000,0.000000
FingertipsPositions,-64.183800,-5.737060,0.000000,0.000000,0.000000,242.054000,307.721000,0.000000,0.000000,0.000000,180.329000,99.477700,0.000000,0.000000,0.000000
HandDirection,-0.681648,0.590708,-0.431764
HandSphereCenter,19.401000,268.063000,169.884000
HandSphereRadius,66.251600
PalmNormal,-0.091391,-0.654215,-0.750766
PalmPosition,26.324400,227.659000,173.347000
PalmPositionRefined,27.904400,226.789000,171.168000
PalmVelocity,1.533220,-2.762270,5.617110
RotationAngle,0.285075
RotationAxis,0.070537,-0.552640,-0.830430
RotationMatrix,0.959841,-0.235115,0.153055,0.231968,0.971967,0.038359,-0.157783,-0.001315,0.987473
RotationProbability,0.157203
ScaleFactor,0.962397
ScaleProbability,0.002129
Translation,-108.292000,-7.287710,-9.775800
TranslationProbability,0.840668
