FingersNr,2.000000
FingertipsDistances,102.779000,106.649000,0.000000,0.000000,0.000000
FingertipsDistancesRefined,103.527000,108.137000,0.000000,0.000000,0.000000
FingertipsInterDistances,71.140600,0.000000,0.000000,0.000000
FingertipsPositions,26.442300,92.865200,0.000000,0.000000,0.000000,275.254000,270.132000,0.000000,0.000000,0.000000,100.070000,75.114500,0.000000,0.000000,0.000000
HandDirection,-0.020351,0.899020,-0.437435
HandSphereCenter,56.236100,214.367000,93.121900
HandSphereRadius,54.464000
PalmNormal,-0.265184,-0.426709,-0.864637
PalmPosition,62.812900,184.047000,130.434000
PalmPositionRefined,61.761900,183.038000,131.158000
PalmVelocity,3.237230,16.262000,-3.742260
RotationAngle,0.000000
RotationAxis,0.000000,0.000000,0.000000
RotationMatrix,1.000000,0.000000,0.000000,0.000000,1.000000,0.000000,0.000000,0.000000,1.000000
RotationProbability,0.000000
ScaleFactor,1.000000
ScaleProbability,0.000000
Translation,0.000000,0.000000,0.000000
TranslationProbability,0.000000
