FingersNr,3.000000
FingertipsDistances,112.367000,119.594000,121.306000,0.000000,0.000000
FingertipsDistancesRefined,112.428000,119.818000,121.371000,0.000000,0.000000
FingertipsInterDistances,71.284200,221.070000,0.000000,0.000000
FingertipsPositions,-153.472000,-92.219700,4.201760,0.000000,0.000000,293.865000,311.336000,151.709000,0.000000,0.000000,116.592000,84.587300,203.305000,0.000000,0.000000
HandDirection,0.045959,0.838718,-0.542623
HandSphereCenter,-107.667000,251.778000,121.275000
HandSphereRadius,55.600400
PalmNormal,0.360703,-0.520482,-0.773946
PalmPosition,-86.109200,208.838000,145.901000
PalmPositionRefined,-86.364500,208.548000,145.877000
PalmVelocity,8.647600,28.774500,-1.442180
RotationAngle,0.049944
RotationAxis,0.243597,0.671474,-0.699845
RotationMatrix,0.998827,-0.034734,-0.033734,0.035142,0.999315,0.011575,0.033309,-0.012747,0.999364
RotationProbability,0.000019
ScaleFactor,0.919094
ScaleProbability,0.000001
Translation,-71.788700,17.734300,9.635760
TranslationProbability,0.999981
