FingersNr,2.000000
FingertipsDistances,104.002000,109.497000,0.000000,0.000000,0.000000
FingertipsDistancesRefined,102.713000,109.560000,0.000000,0.000000,0.000000
FingertipsInterDistances,72.282400,0.000000,0.000000,0.000000
FingertipsPositions,8.564660,76.157300,0.000000,0.000000,0.000000,355.434000,352.700000,0.000000,0.000000,0.000000,88.615200,63.149600,0.000000,0.000000,0.000000
HandDirection,-0.041285,0.866027,-0.498290
HandSphereCenter,45.655700,302.556000,95.093100
HandSphereRadius,52.779200
PalmNormal,-0.154662,-0.498243,-0.853131
PalmPosition,49.724100,268.276000,127.676000
PalmPositionRefined,47.601500,268.746000,127.491000
PalmVelocity,9.888220,-18.895300,12.423800
RotationAngle,0.264830
RotationAxis,-0.130435,-0.714769,0.687089
RotationMatrix,0.965730,0.183092,0.183963,-0.176592,0.982948,-0.051262,-0.190212,0.017019,0.981596
RotationProbability,0.017591
ScaleFactor,0.970978
ScaleProbability,0.000115
Translation,47.779100,14.249500,-2.578360
TranslationProbability,0.982294
