FingersNr,2.000000
FingertipsDistances,101.138000,105.141000,0.000000,0.000000,0.000000
FingertipsDistancesRefined,98.796800,102.962000,0.000000,0.000000,0.000000
FingertipsInterDistances,71.824000,0.000000,0.000000,0.000000
FingertipsPositions,38.403000,104.208000,0.000000,0.000000,0.000000,290.304000,281.593000,0.000000,0.000000,0.000000,99.467500,72.035600,0.000000,0.000000,0.000000
HandDirection,-0.035630,0.859292,-0.510243
HandSphereCenter,67.162200,231.755000,98.593500
HandSphereRadius,54.513300
PalmNormal,-0.246233,-0.502376,-0.828847
PalmPosition,75.604500,204.114000,137.100000
PalmPositionRefined,75.499000,206.496000,136.358000
PalmVelocity,-0.142945,-8.463600,-4.767090
RotationAngle,0.106294
RotationAxis,0.106642,-0.811729,0.574215
RotationMatrix,0.994420,0.060432,0.086465,-0.061409,0.998075,0.008683,-0.085774,-0.013945,0.996217
RotationProbability,0.000081
ScaleFactor,0.942761
ScaleProbability,0.000004
Translation,30.886700,-66.034800,9.933700
TranslationProbability,0.999915
