FingersNr,2.000000
FingertipsDistances,97.521200,99.050400,0.000000,0.000000,0.000000
FingertipsDistancesRefined,96.916400,99.284400,0.000000,0.000000,0.000000
FingertipsInterDistances,70.513700,0.000000,0.000000,0.000000
FingertipsPositions,-72.757100,-4.761560,0.000000,0.000000,0.000000,221.621000,213.251000,0.000000,0.000000,0.000000,75.593000,58.897800,0.000000,0.000000,0.000000
HandDirection,-0.059251,0.874778,-0.480887
HandSphereCenter,-39.535500,159.564000,93.320000
HandSphereRadius,59.288500
PalmNormal,0.187304,-0.463435,-0.866109
PalmPosition,-36.417500,144.223000,122.491000
PalmPositionRefined,-37.317700,145.072000,123.311000
PalmVelocity,11.651400,-7.139790,3.441070
RotationAngle,0.223573
RotationAxis,0.376259,0.717847,-0.585769
RotationMatrix,0.978635,-0.123152,-0.164643,0.136596,0.987937,0.072957,0.153672,-0.093888,0.983651
RotationProbability,0.281756
ScaleFactor,1.026880
ScaleProbability,0.262422
Translation,-19.789000,-12.528500,-13.036500
TranslationProbability,0.455822
