FingersNr,2.000000
FingertipsDistances,105.438000,111.717000,0.000000,0.000000,0.000000
FingertipsDistancesRefined,116.826000,120.778000,0.000000,0.000000,0.000000
FingertipsInterDistances,72.723600,0.000000,0.000000,0.000000
FingertipsPositions,-71.279100,0.097465,0.000000,0.000000,0.000000,246.778000,260.335000,0.000000,0.000000,0.000000,66.872800,63.661000,0.000000,0.000000,0.000000
HandDirection,-0.062942,0.844264,-0.532219
HandSphereCenter,-26.174600,197.132000,81.039700
HandSphereRadius,53.784200
PalmNormal,0.213162,-0.509598,-0.833590
PalmPosition,-25.887300,163.445000,112.833000
PalmPositionRefined,-20.943100,154.096000,117.118000
PalmVelocity,-14.175900,49.119200,-25.153600
RotationAngle,0.367978
RotationAxis,0.083448,0.291142,-0.953034
RotationMatrix,0.933523,-0.341208,-0.110056,0.344461,0.938731,0.011444,0.099409,-0.048593,0.993859
RotationProbability,0.063609
ScaleFactor,0.961083
ScaleProbability,0.000885
Translation,-19.483900,44.806800,-22.995900
TranslationProbability,0.935506
