FingersNr,3.000000
FingertipsDistances,103.771000,104.301000,43.739200,0.000000,0.000000
FingertipsDistancesRefined,103.904000,104.834000,44.064200,0.000000,0.000000
FingertipsInterDistances,73.312600,91.047300,0.000000,0.000000
FingertipsPositions,-4.724200,67.881300,70.928800,0.000000,0.000000,228.017000,231.728000,143.912000,0.000000,0.000000,61.767900,52.312800,76.156800,0.000000,0.000000
HandDirection,0.220434,0.774926,-0.592368
HandSphereCenter,37.029400,177.198000,75.161300
HandSphereRadius,52.250500
PalmNormal,-0.259954,-0.538668,-0.801412
PalmPosition,41.709800,147.822000,108.469000
PalmPositionRefined,41.156900,147.329000,108.462000
PalmVelocity,11.771800,-4.668870,7.631700
RotationAngle,0.366787
RotationAxis,0.168043,-0.226366,0.959437
RotationMatrix,0.935363,0.341541,0.091903,-0.346601,0.936893,0.045817,-0.070455,-0.074709,0.994713
RotationProbability,0.003365
ScaleFactor,0.993415
ScaleProbability,0.000001
Translation,68.731100,-30.165900,-1.521530
TranslationProbability,0.996634
