FingersNr,2.000000
FingertipsDistances,81.440000,78.790200,0.000000,0.000000,0.000000
FingertipsDistancesRefined,77.142600,76.147800,0.000000,0.000000,0.000000
FingertipsInterDistances,72.987400,0.000000,0.000000,0.000000
FingertipsPositions,6.454710,79.441200,0.000000,0.000000,0.000000,178.156000,178.510000,0.000000,0.000000,0.000000,74.030400,73.897600,0.000000,0.000000,0.000000
HandDirection,0.264563,0.814715,-0.515990
HandSphereCenter,43.699400,124.873000,79.089900
HandSphereRadius,56.946500
PalmNormal,-0.314149,-0.433061,-0.844849
PalmPosition,46.216900,118.624000,112.855000
PalmPositionRefined,44.328500,124.075000,113.928000
PalmVelocity,12.583600,10.383800,-10.835300
RotationAngle,0.095969
RotationAxis,-0.219376,0.380584,0.898348
RotationMatrix,0.995620,0.085698,-0.037375,-0.086466,0.996065,-0.019448,0.035562,0.022594,0.999112
RotationProbability,0.000407
ScaleFactor,0.982774
ScaleProbability,0.000012
Translation,9.974570,-51.409600,16.680900
TranslationProbability,0.999581
