FingersNr,3.000000
FingertipsDistances,106.581000,45.961400,106.135000,0.000000,0.000000
FingertipsDistancesRefined,106.032000,46.961400,106.091000,0.000000,0.000000
FingertipsInterDistances,110.731000,88.361400,0.000000,0.000000
FingertipsPositions,16.205400,83.522400,87.945400,0.000000,0.000000,242.312000,157.638000,243.577000,0.000000,0.000000,40.006500,63.670000,43.603600,0.000000,0.000000
HandDirection,0.057162,0.796943,-0.601344
HandSphereCenter,50.392600,190.647000,60.223800
HandSphereRadius,49.959000
PalmNormal,-0.193223,-0.582109,-0.789819
PalmPosition,51.466900,159.148000,96.573100
PalmPositionRefined,50.676300,159.920000,97.155900
PalmVelocity,18.547300,-26.898800,-23.966400
RotationAngle,0.293498
RotationAxis,0.186279,-0.537882,0.822182
RotationMatrix,0.958722,0.233575,0.162160,-0.242144,0.969610,0.034980,-0.149061,-0.072802,0.986144
RotationProbability,0.000276
ScaleFactor,0.955006
ScaleProbability,0.000000
Translation,74.697600,-7.266670,-13.182000
TranslationProbability,0.999724
