FingersNr,3.000000
FingertipsDistances,85.951500,34.241400,84.618600,0.000000,0.000000
FingertipsDistancesRefined,85.224700,35.123500,83.842700,0.000000,0.000000
FingertipsInterDistances,107.062000,86.560900,0.000000,0.000000
FingertipsPositions,15.728600,81.733100,88.262000,0.000000,0.000000,178.476000,100.806000,182.151000,0.000000,0.000000,52.350700,85.108900,56.243500,0.000000,0.000000
HandDirection,0.373409,0.744375,-0.553599
HandSphereCenter,54.630300,137.654000,74.434300
HandSphereRadius,53.756700
PalmNormal,-0.274372,-0.481446,-0.832424
PalmPosition,54.426300,116.862000,98.109900
PalmPositionRefined,54.374900,118.219000,98.598900
PalmVelocity,5.889280,-74.933500,-29.191400
RotationAngle,0.198041
RotationAxis,0.147627,0.401277,0.903982
RotationMatrix,0.980880,0.179016,-0.076343,-0.176700,0.983601,0.036136,0.081560,-0.021955,0.996427
RotationProbability,0.000241
ScaleFactor,0.984108
ScaleProbability,0.000011
Translation,1.358920,-58.083900,16.360000
TranslationProbability,0.999748
