FingersNr,3.000000
FingertipsDistances,89.928700,87.357900,37.342000,0.000000,0.000000
FingertipsDistancesRefined,91.963700,87.996300,35.368300,0.000000,0.000000
FingertipsInterDistances,73.801600,86.473600,0.000000,0.000000
FingertipsPositions,-54.559900,18.575100,19.521600,0.000000,0.000000,203.379000,213.273000,127.487000,0.000000,0.000000,87.597000,87.384400,98.220100,0.000000,0.000000
HandDirection,0.267997,0.828922,-0.490985
HandSphereCenter,-4.571140,156.401000,112.831000
HandSphereRadius,54.807800
PalmNormal,-0.195490,-0.452237,-0.870210
PalmPosition,-5.218990,137.732000,124.246000
PalmPositionRefined,-3.249400,136.213000,123.837000
PalmVelocity,-33.152500,34.508600,-0.997531
RotationAngle,0.179491
RotationAxis,-0.582206,-0.313068,-0.750350
RotationMatrix,0.989380,-0.131031,0.062910,0.136887,0.985509,-0.100167,-0.048873,0.107714,0.992980
RotationProbability,0.000030
ScaleFactor,1.009660
ScaleProbability,0.000000
Translation,-66.557300,25.728200,27.980300
TranslationProbability,0.999969
