FingersNr,2.000000
FingertipsDistances,81.505500,115.496000,0.000000,0.000000,0.000000
FingertipsDistancesRefined,76.639400,115.103000,0.000000,0.000000,0.000000
FingertipsInterDistances,118.117000,0.000000,0.000000,0.000000
FingertipsPositions,-38.601900,44.904800,0.000000,0.000000,0.000000,249.603000,294.749000,0.000000,0.000000,0.000000,6.440170,-63.845400,0.000000,0.000000,0.000000
HandDirection,-0.448678,0.334631,-0.828680
HandSphereCenter,28.088800,249.384000,-10.911700
HandSphereRadius,60.634000
PalmNormal,0.112338,0.941016,0.319169
PalmPosition,36.143700,240.073000,37.511600
PalmPositionRefined,31.257200,239.907000,36.428400
PalmVelocity,2.123590,4.675190,20.061200
RotationAngle,0.296371
RotationAxis,0.879949,0.084217,0.467544
RotationMatrix,0.990161,0.139778,-0.006659,-0.133316,0.956712,0.258707,0.042532,-0.255274,0.965933
RotationProbability,0.026115
ScaleFactor,0.967116
ScaleProbability,0.000145
Translation,32.266400,-36.256200,-34.660000
TranslationProbability,0.973740
