FingersNr,2.000000
FingertipsDistances,84.817800,112.671000,0.000000,0.000000,0.000000
FingertipsDistancesRefined,84.875200,110.870000,0.000000,0.000000,0.000000
FingertipsInterDistances,119.915000,0.000000,0.000000,0.000000
FingertipsPositions,-43.967900,33.128600,0.000000,0.000000,0.000000,222.027000,305.987000,0.000000,0.000000,0.000000,99.374900,62.140300,0.000000,0.000000,0.000000
HandDirection,-0.552658,0.676483,-0.486765
HandSphereCenter,29.448200,241.051000,88.923900
HandSphereRadius,60.834500
PalmNormal,0.129910,0.646852,0.751469
PalmPosition,38.191700,204.901000,111.646000
PalmPositionRefined,38.730600,206.082000,109.888000
PalmVelocity,-7.493810,19.233200,-16.714900
RotationAngle,0.477980
RotationAxis,-0.976511,-0.073906,-0.202394
RotationMatrix,0.994797,-0.085010,0.056146,0.101187,0.888538,-0.447505,-0.011846,0.450858,0.892517
RotationProbability,0.000140
ScaleFactor,1.002740
ScaleProbability,0.000000
Translation,-8.152960,-6.964620,107.452000
TranslationProbability,0.999860
