FingersNr,2.000000
FingertipsDistances,84.906500,120.306000,0.000000,0.000000,0.000000
FingertipsDistancesRefined,87.639600,117.596000,0.000000,0.000000,0.000000
FingertipsInterDistances,119.143000,0.000000,0.000000,0.000000
FingertipsPositions,18.137600,119.477000,0.000000,0.000000,0.000000,266.193000,319.999000,0.000000,0.000000,0.000000,28.453900,-3.641190,0.000000,0.000000,0.000000
HandDirection,-0.280834,0.583372,-0.762109
HandSphereCenter,87.340100,266.015000,29.351000
HandSphereRadius,59.341900
PalmNormal,0.264695,0.810346,0.522757
PalmPosition,84.184600,229.051000,66.760700
PalmPositionRefined,88.587800,231.478000,67.342900
PalmVelocity,-1.466840,-9.874480,-5.788710
RotationAngle,0.478911
RotationAxis,0.156558,0.261656,0.952379
RotationMatrix,0.890255,0.443477,-0.103800,-0.434260,0.895200,0.100179,0.137349,-0.044109,0.989540
RotationProbability,0.190295
ScaleFactor,0.983281
ScaleProbability,0.003144
Translation,148.108000,19.157400,-7.122520
TranslationProbability,0.806561
