FingersNr,2.000000
FingertipsDistances,88.778200,115.438000,0.000000,0.000000,0.000000
FingertipsDistancesRefined,88.998000,114.581000,0.000000,0.000000,0.000000
FingertipsInterDistances,121.063000,0.000000,0.000000,0.000000
FingertipsPositions,-136.602000,-118.793000,0.000000,0.000000,0.000000,205.710000,315.219000,0.000000,0.000000,0.000000,90.182400,41.737400,0.000000,0.000000,0.000000
HandDirection,-0.836736,0.297840,-0.459525
HandSphereCenter,-75.065500,262.325000,87.252400
HandSphereRadius,65.544500
PalmNormal,-0.228678,0.572434,0.787417
PalmPosition,-53.966800,237.406000,97.132800
PalmPositionRefined,-54.120000,238.440000,96.974000
PalmVelocity,7.154500,-22.987500,-3.812200
RotationAngle,0.929674
RotationAxis,-0.311625,-0.254762,-0.915416
RotationMatrix,0.637125,-0.701729,0.318823,0.765544,0.624181,-0.156015,-0.089523,0.343474,0.934886
RotationProbability,0.000001
ScaleFactor,1.020670
ScaleProbability,0.000000
Translation,-193.029000,-31.892700,52.344500
TranslationProbability,0.999999
