FingersNr,2.000000
FingertipsDistances,98.882000,113.544000,0.000000,0.000000,0.000000
FingertipsDistancesRefined,99.480700,113.842000,0.000000,0.000000,0.000000
FingertipsInterDistances,121.895000,0.000000,0.000000,0.000000
FingertipsPositions,-93.080700,-3.783420,0.000000,0.000000,0.000000,245.598000,322.778000,0.000000,0.000000,0.000000,34.784100,4.327760,0.000000,0.000000,0.000000
HandDirection,-0.439273,0.582015,-0.684322
HandSphereCenter,0.371420,239.765000,45.549000
HandSphereRadius,65.588800
PalmNormal,-0.049038,-0.776151,-0.628637
PalmPosition,-2.986690,232.693000,73.438600
PalmPositionRefined,-2.405720,232.380000,73.510300
PalmVelocity,-90.519900,46.312700,-13.968900
RotationAngle,0.060743
RotationAxis,0.038781,0.877850,0.477363
RotationMatrix,0.998158,0.029041,-0.053256,-0.028916,0.999577,0.003127,0.053325,-0.001581,0.998576
RotationProbability,0.002233
ScaleFactor,0.956225
ScaleProbability,0.000424
Translation,-27.787300,43.757900,4.093340
TranslationProbability,0.997343
