FingersNr,2.000000
FingertipsDistances,85.927100,94.686900,0.000000,0.000000,0.000000
FingertipsDistancesRefined,87.159600,95.091300,0.000000,0.000000,0.000000
FingertipsInterDistances,116.068000,0.000000,0.000000,0.000000
FingertipsPositions,-115.911000,-48.997500,0.000000,0.000000,0.000000,205.515000,292.442000,0.000000,0.000000,0.000000,23.985500,-13.936800,0.000000,0.000000,0.000000
HandDirection,-0.602970,0.554555,-0.573495
HandSphereCenter,-37.023000,257.742000,16.337600
HandSphereRadius,73.748600
PalmNormal,-0.078891,-0.756804,-0.648864
PalmPosition,-32.409900,216.935000,40.736800
PalmPositionRefined,-31.192400,216.903000,41.010900
PalmVelocity,-71.371600,6.158380,-10.349400
RotationAngle,0.033774
RotationAxis,-0.039913,-0.996004,-0.079889
RotationMatrix,0.999431,-0.002675,0.033635,0.002720,0.999995,-0.001302,-0.033632,0.001393,0.999433
RotationProbability,0.095926
ScaleFactor,0.889561
ScaleProbability,0.111474
Translation,-21.988000,-15.374500,2.868030
TranslationProbability,0.792600
