FingersNr,1.000000
FingertipsDistances,101.910000,0.000000,0.000000,0.000000,0.000000
FingertipsDistancesRefined,101.910000,0.000000,0.000000,0.000000,0.000000
FingertipsInterDistances,0.000000,0.000000,0.000000,0.000000
FingertipsPositions,-51.378600,0.000000,0.000000,0.000000,0.000000,220.352000,0.000000,0.000000,0.000000,0.000000,0.678129,0.000000,0.000000,0.000000,0.000000
HandDirection,-0.562738,0.464911,-0.683508
HandSphereCenter,4.260340,246.885000,26.028900
HandSphereRadius,68.350300
PalmNormal,0.012915,-0.821810,-0.569615
PalmPosition,39.398000,212.590000,46.339000
PalmPositionRefined,39.398000,212.590000,46.339000
PalmVelocity,149.623000,11.072900,-13.352600
RotationAngle,0.017565
RotationAxis,0.392131,0.836775,-0.382153
RotationMatrix,0.999869,-0.006662,-0.014721,0.006763,0.999954,0.006838,0.014674,-0.006937,0.999868
RotationProbability,0.000863
ScaleFactor,0.940529
ScaleProbability,0.000861
Translation,35.104600,18.422300,-23.222200
TranslationProbability,0.998277
