FingersNr,2.000000
FingertipsDistances,91.906500,113.844000,0.000000,0.000000,0.000000
FingertipsDistancesRefined,90.872700,114.677000,0.000000,0.000000,0.000000
FingertipsInterDistances,131.729000,0.000000,0.000000,0.000000
FingertipsPositions,-50.157400,49.083700,0.000000,0.000000,0.000000,154.585000,234.081000,0.000000,0.000000,0.000000,50.460900,16.050100,0.000000,0.000000,0.000000
HandDirection,-0.547264,0.544744,-0.635418
HandSphereCenter,1.148390,159.815000,32.066500
HandSphereRadius,64.333800
PalmNormal,-0.109907,-0.799398,-0.590664
PalmPosition,34.516700,144.469000,84.735600
PalmPositionRefined,33.347400,143.455000,84.533100
PalmVelocity,57.829000,59.616400,7.865090
RotationAngle,0.115545
RotationAxis,-0.679066,-0.701119,0.217490
RotationMatrix,0.996407,0.028249,0.079846,-0.021899,0.996610,-0.079305,-0.081815,0.077271,0.993648
RotationProbability,0.000004
ScaleFactor,0.962733
ScaleProbability,0.000000
Translation,91.902700,-38.563000,35.656200
TranslationProbability,0.999996
