FingersNr,2.000000
FingertipsDistances,100.057000,113.881000,0.000000,0.000000,0.000000
FingertipsDistancesRefined,96.634400,109.210000,0.000000,0.000000,0.000000
FingertipsInterDistances,136.140000,0.000000,0.000000,0.000000
FingertipsPositions,-120.295000,-27.997600,0.000000,0.000000,0.000000,180.462000,265.725000,0.000000,0.000000,0.000000,31.518000,-20.879600,0.000000,0.000000,0.000000
HandDirection,-0.568097,0.560595,-0.602494
HandSphereCenter,-35.920700,219.023000,16.926400
HandSphereRadius,70.149600
PalmNormal,-0.065524,-0.760592,-0.645916
PalmPosition,-22.636600,179.462000,53.274100
PalmPositionRefined,-25.783500,183.864000,51.374000
PalmVelocity,61.327100,-81.148300,35.939400
RotationAngle,0.065206
RotationAxis,-0.863536,-0.150425,-0.481329
RotationMatrix,0.999460,-0.031087,0.010685,0.031639,0.997923,-0.056114,-0.008918,0.056422,0.998367
RotationProbability,0.000451
ScaleFactor,1.019990
ScaleProbability,0.000064
Translation,-39.090100,-49.927100,2.590470
TranslationProbability,0.999485
