FingersNr,2.000000
FingertipsDistances,107.602000,109.174000,0.000000,0.000000,0.000000
FingertipsDistancesRefined,107.411000,107.349000,0.000000,0.000000,0.000000
FingertipsInterDistances,62.674000,0.000000,0.000000,0.000000
FingertipsPositions,-77.494900,-18.937200,0.000000,0.000000,0.000000,290.766000,289.526000,0.000000,0.000000,0.000000,48.912600,26.608200,0.000000,0.000000,0.000000
HandDirection,-0.217483,0.675347,-0.704704
HandSphereCenter,-30.655900,242.146000,68.874600
HandSphereRadius,53.504600
PalmNormal,-0.025387,-0.725655,-0.687590
PalmPosition,-23.253800,224.985000,114.556000
PalmPositionRefined,-20.010400,228.527000,114.936000
PalmVelocity,-0.191094,1.630510,0.420278
RotationAngle,0.187833
RotationAxis,0.549077,-0.645899,-0.530405
RotationMatrix,0.987714,-0.105281,0.115487,0.092805,0.989749,0.108555,-0.125732,-0.096504,0.987359
RotationProbability,0.147362
ScaleFactor,0.972488
ScaleProbability,0.004595
Translation,-28.494300,-24.692000,-12.909900
TranslationProbability,0.848043
