FingersNr,2.000000
FingertipsDistances,110.214000,108.946000,0.000000,0.000000,0.000000
FingertipsDistancesRefined,108.418000,107.745000,0.000000,0.000000,0.000000
FingertipsInterDistances,60.288800,0.000000,0.000000,0.000000
FingertipsPositions,30.023300,84.439000,0.000000,0.000000,0.000000,337.881000,324.350000,0.000000,0.000000,0.000000,140.825000,118.676000,0.000000,0.000000,0.000000
HandDirection,0.041065,0.913644,-0.404436
HandSphereCenter,55.776200,272.478000,143.554000
HandSphereRadius,55.037900
PalmNormal,-0.072546,-0.400983,-0.913209
PalmPosition,53.398300,235.020000,172.768000
PalmPositionRefined,51.679900,236.004000,170.934000
PalmVelocity,1.349410,-34.858700,18.398600
RotationAngle,0.205747
RotationAxis,0.283058,0.131565,0.950036
RotationMatrix,0.980599,0.194877,-0.021207,-0.193306,0.979274,0.060464,0.032550,-0.055192,0.997945
RotationProbability,0.017453
ScaleFactor,0.892898
ScaleProbability,0.001312
Translation,52.947500,-5.538000,9.310140
TranslationProbability,0.981235
