FingersNr,3.000000
FingertipsDistances,111.245000,106.745000,36.950900,0.000000,0.000000
FingertipsDistancesRefined,118.672000,112.276000,37.557800,0.000000,0.000000
FingertipsInterDistances,61.283100,87.538200,0.000000,0.000000
FingertipsPositions,-48.091100,6.505400,40.984500,0.000000,0.000000,339.944000,344.413000,276.046000,0.000000,0.000000,74.083800,46.608800,89.035600,0.000000,0.000000
HandDirection,-0.112646,0.726540,-0.677828
HandSphereCenter,12.901400,300.440000,91.020400
HandSphereRadius,50.834200
PalmNormal,-0.244770,-0.681438,-0.689732
PalmPosition,25.032300,271.156000,122.005000
PalmPositionRefined,30.958300,266.887000,124.052000
PalmVelocity,-17.741000,15.340300,17.092400
RotationAngle,0.285906
RotationAxis,0.664294,-0.654413,-0.361188
RotationMatrix,0.977320,-0.119511,0.174822,0.084218,0.976791,0.196943,-0.194301,-0.177754,0.964702
RotationProbability,0.001631
ScaleFactor,0.962078
ScaleProbability,0.000012
Translation,-71.715300,15.523900,-68.961600
TranslationProbability,0.998358
