FingersNr,2.000000
FingertipsDistances,107.895000,113.038000,0.000000,0.000000,0.000000
FingertipsDistancesRefined,107.505000,112.793000,0.000000,0.000000,0.000000
FingertipsInterDistances,57.160200,0.000000,0.000000,0.000000
FingertipsPositions,-60.759200,-8.098150,0.000000,0.000000,0.000000,370.124000,374.782000,0.000000,0.000000,0.000000,92.553200,70.818200,0.000000,0.000000,0.000000
HandDirection,-0.124103,0.879746,-0.458962
HandSphereCenter,-29.629800,313.229000,86.697100
HandSphereRadius,57.722700
PalmNormal,0.032650,-0.458666,-0.888009
PalmPosition,-18.923400,276.019000,124.726000
PalmPositionRefined,-19.590700,275.836000,123.732000
PalmVelocity,-2.028750,-77.806400,27.293300
RotationAngle,0.481190
RotationAxis,-0.958598,0.260181,0.115741
RotationMatrix,0.990792,0.025247,-0.133020,-0.081891,0.894132,-0.440253,0.107822,0.447092,0.887966
RotationProbability,0.000547
ScaleFactor,0.571586
ScaleProbability,0.930699
Translation,33.292800,93.052200,56.948100
TranslationProbability,0.068753
