FingersNr,2.000000
FingertipsDistances,108.011000,110.663000,0.000000,0.000000,0.000000
FingertipsDistancesRefined,107.563000,109.431000,0.000000,0.000000,0.000000
FingertipsInterDistances,61.178300,0.000000,0.000000,0.000000
FingertipsPositions,-49.236000,9.151440,0.000000,0.000000,0.000000,317.717000,312.044000,0.000000,0.000000,0.000000,59.361200,41.997200,0.000000,0.000000,0.000000
HandDirection,-0.044666,0.789111,-0.612624
HandSphereCenter,-18.060500,253.430000,66.155100
HandSphereRadius,59.771100
PalmNormal,-0.000019,-0.613237,-0.789899
PalmPosition,-13.287300,233.519000,116.674000
PalmPositionRefined,-11.661500,234.823000,116.690000
PalmVelocity,-2.221230,16.643100,-38.154800
RotationAngle,0.365523
RotationAxis,0.086578,-0.399305,-0.912721
RotationMatrix,0.934432,-0.328525,0.137506,0.323957,0.944470,0.055023,-0.147947,-0.006869,0.988971
RotationProbability,0.003753
ScaleFactor,0.927237
ScaleProbability,0.000006
Translation,-75.505900,-23.593400,-37.788700
TranslationProbability,0.996240
