FingersNr,3.000000
FingertipsDistances,102.694000,108.075000,36.776600,0.000000,0.000000
FingertipsDistancesRefined,101.885000,107.093000,36.486500,0.000000,0.000000
FingertipsInterDistances,45.857300,90.424300,0.000000,0.000000
FingertipsPositions,-28.613600,15.293700,33.374200,0.000000,0.000000,379.714000,389.377000,303.544000,0.000000,0.000000,214.510000,205.473000,227.435000,0.000000,0.000000
HandDirection,0.112525,0.953376,-0.280023
HandSphereCenter,3.269150,323.309000,206.456000
HandSphereRadius,58.473900
PalmNormal,0.038612,-0.285796,-0.957512
PalmPosition,9.560680,292.597000,253.234000
PalmPositionRefined,9.881910,293.871000,253.623000
PalmVelocity,-1.995410,-53.303600,9.256590
RotationAngle,0.000000
RotationAxis,0.000000,0.000000,0.000000
RotationMatrix,1.000000,0.000000,0.000000,0.000000,1.000000,0.000000,0.000000,0.000000,1.000000
RotationProbability,0.000000
ScaleFactor,1.000000
ScaleProbability,0.000000
Translation,0.000000,0.000000,0.000000
TranslationProbability,0.000000
