FingersNr,2.000000
FingertipsDistances,102.615000,109.540000,0.000000,0.000000,0.000000
FingertipsDistancesRefined,102.005000,109.074000,0.000000,0.000000,0.000000
FingertipsInterDistances,41.368900,0.000000,0.000000,0.000000
FingertipsPositions,73.828600,113.424000,0.000000,0.000000,0.000000,348.840000,357.585000,0.000000,0.000000,0.000000,171.284000,163.093000,0.000000,0.000000,0.000000
HandDirection,-0.093246,0.877148,-0.471079
HandSphereCenter,93.687500,287.508000,167.736000
HandSphereRadius,64.023100
PalmNormal,-0.285958,-0.476800,-0.831198
PalmPosition,105.716000,265.005000,221.131000
PalmPositionRefined,105.302000,265.652000,221.226000
PalmVelocity,93.562200,-153.254000,-20.242600
RotationAngle,0.269018
RotationAxis,0.508831,-0.836640,-0.202793
RotationMatrix,0.973345,-0.069211,0.218655,0.038588,0.989209,0.141342,-0.226078,-0.129137,0.965512
RotationProbability,0.000001
ScaleFactor,0.898446
ScaleProbability,0.000000
Translation,97.078300,-36.420000,-34.161300
TranslationProbability,0.999999
