FingersNr,3.000000
FingertipsDistances,102.206000,105.096000,38.903300,0.000000,0.000000
FingertipsDistancesRefined,100.946000,104.293000,38.354000,0.000000,0.000000
FingertipsInterDistances,38.352400,90.485900,0.000000,0.000000
FingertipsPositions,102.385000,134.225000,152.582000,0.000000,0.000000,329.302000,326.832000,242.486000,0.000000,0.000000,168.175000,146.938000,174.077000,0.000000,0.000000
HandDirection,0.023706,0.887660,-0.459889
HandSphereCenter,138.295000,270.259000,180.783000
HandSphereRadius,53.114600
PalmNormal,-0.076170,-0.457078,-0.886159
PalmPosition,137.087000,242.628000,209.761000
PalmPositionRefined,134.397000,242.171000,207.845000
PalmVelocity,14.633100,-7.831240,44.507200
RotationAngle,0.079901
RotationAxis,-0.246487,0.628136,0.738031
RotationMatrix,0.997003,0.058412,-0.050715,-0.059400,0.998068,-0.018194,0.049555,0.021153,0.998547
RotationProbability,0.004018
ScaleFactor,0.936833
ScaleProbability,0.001136
Translation,29.308100,-19.627000,-14.758000
TranslationProbability,0.994846
