FingersNr,2.000000
FingertipsDistances,107.740000,109.062000,0.000000,0.000000,0.000000
FingertipsDistancesRefined,107.360000,108.609000,0.000000,0.000000,0.000000
FingertipsInterDistances,40.345700,0.000000,0.000000,0.000000
FingertipsPositions,-38.291200,-2.720670,0.000000,0.000000,0.000000,328.824000,326.197000,0.000000,0.000000,0.000000,115.014000,96.156600,0.000000,0.000000,0.000000
HandDirection,-0.224088,0.752948,-0.618751
HandSphereCenter,1.928560,279.554000,136.904000
HandSphereRadius,53.390300
PalmNormal,0.135301,-0.604713,-0.784867
PalmPosition,4.675460,247.948000,171.767000
PalmPositionRefined,4.825230,248.378000,171.544000
PalmVelocity,5.411930,-19.607800,19.334700
RotationAngle,0.265472
RotationAxis,0.587502,0.061181,-0.806907
RotationMatrix,0.977060,-0.210445,-0.032659,0.212963,0.965100,0.152411,-0.000555,-0.155869,0.987778
RotationProbability,0.000126
ScaleFactor,0.897009
ScaleProbability,0.000001
Translation,-118.147000,12.082400,-44.763400
TranslationProbability,0.999874
