FingersNr,2.000000
FingertipsDistances,104.853000,109.875000,0.000000,0.000000,0.000000
FingertipsDistancesRefined,109.157000,113.064000,0.000000,0.000000,0.000000
FingertipsInterDistances,41.476600,0.000000,0.000000,0.000000
FingertipsPositions,-45.215400,-7.446140,0.000000,0.000000,0.000000,335.273000,338.991000,0.000000,0.000000,0.000000,112.203000,95.470600,0.000000,0.000000,0.000000
HandDirection,-0.198473,0.753756,-0.626467
HandSphereCenter,-5.116560,291.873000,138.754000
HandSphereRadius,52.894800
PalmNormal,0.145983,-0.609318,-0.779372
PalmPosition,-3.857310,257.516000,169.102000
PalmPositionRefined,-0.410645,254.129000,169.851000
PalmVelocity,4.555130,-0.576663,11.058200
RotationAngle,0.044926
RotationAxis,-0.151208,0.634674,-0.757842
RotationMatrix,0.999014,-0.034133,-0.028389,0.033939,0.999397,-0.007276,0.028620,0.006306,0.999570
RotationProbability,0.004199
ScaleFactor,0.749500
ScaleProbability,0.935878
Translation,-7.023120,9.520580,-2.215940
TranslationProbability,0.059923
