FingersNr,2.000000
FingertipsDistances,104.819000,107.022000,0.000000,0.000000,0.000000
FingertipsDistancesRefined,102.814000,105.816000,0.000000,0.000000,0.000000
FingertipsInterDistances,43.894800,0.000000,0.000000,0.000000
FingertipsPositions,-76.985100,-35.577600,0.000000,0.000000,0.000000,289.219000,287.322000,0.000000,0.000000,0.000000,146.419000,131.977000,0.000000,0.000000,0.000000
HandDirection,-0.149298,0.758540,-0.634293
HandSphereCenter,-40.478900,237.530000,172.147000
HandSphereRadius,55.140800
PalmNormal,0.126201,-0.621618,-0.773088
PalmPosition,-40.029800,215.802000,211.468000
PalmPositionRefined,-41.308700,219.338000,212.862000
PalmVelocity,6.917630,-18.542300,7.471030
RotationAngle,0.737377
RotationAxis,-0.012630,-0.862479,0.505935
RotationMatrix,0.740276,0.342994,0.578227,-0.337335,0.933466,-0.121843,-0.581546,-0.104859,0.806727
RotationProbability,0.000093
ScaleFactor,38.068100
ScaleProbability,0.000006
Translation,34.987600,-49.303600,119.760000
TranslationProbability,0.999901
