FingersNr,2.000000
FingertipsDistances,109.853000,115.225000,0.000000,0.000000,0.000000
FingertipsDistancesRefined,110.037000,116.768000,0.000000,0.000000,0.000000
FingertipsInterDistances,51.555400,0.000000,0.000000,0.000000
FingertipsPositions,-42.662700,1.689380,0.000000,0.000000,0.000000,351.526000,355.213000,0.000000,0.000000,0.000000,90.139100,64.114900,0.000000,0.000000,0.000000
HandDirection,-0.199309,0.779411,-0.593965
HandSphereCenter,-5.209880,303.511000,106.561000
HandSphereRadius,56.657500
PalmNormal,0.064749,-0.594327,-0.801613
PalmPosition,4.154880,260.123000,129.144000
PalmPositionRefined,1.034730,258.616000,129.716000
PalmVelocity,9.647190,-15.501300,-5.499640
RotationAngle,0.082963
RotationAxis,-0.363764,-0.770135,-0.523991
RotationMatrix,0.997016,-0.042459,0.064475,0.044386,0.998600,-0.028757,-0.063164,0.031532,0.997505
RotationProbability,0.236262
ScaleFactor,0.847279
ScaleProbability,0.224164
Translation,-4.642090,36.051800,-3.621780
TranslationProbability,0.539573
