FingersNr,2.000000
FingertipsDistances,110.614000,115.169000,0.000000,0.000000,0.000000
FingertipsDistancesRefined,113.136000,117.000000,0.000000,0.000000,0.000000
FingertipsInterDistances,51.572400,0.000000,0.000000,0.000000
FingertipsPositions,-42.632700,1.643210,0.000000,0.000000,0.000000,359.035000,361.463000,0.000000,0.000000,0.000000,98.177700,71.844100,0.000000,0.000000,0.000000
HandDirection,-0.183854,0.778216,-0.600481
HandSphereCenter,-7.031980,309.419000,113.826000
HandSphereRadius,56.500600
PalmNormal,0.069224,-0.599127,-0.797656
PalmPosition,2.681650,264.979000,134.722000
PalmPositionRefined,2.468900,260.718000,131.331000
PalmVelocity,7.370510,-3.587820,24.401400
RotationAngle,0.013845
RotationAxis,0.599922,0.317268,0.734462
RotationMatrix,0.999939,0.010186,-0.004350,-0.010150,0.999914,0.008328,0.004434,-0.008283,0.999956
RotationProbability,0.034516
ScaleFactor,0.883840
ScaleProbability,0.510005
Translation,0.081958,7.008590,8.355600
TranslationProbability,0.455480
