FingersNr,2.000000
FingertipsDistances,122.787000,124.913000,0.000000,0.000000,0.000000
FingertipsDistancesRefined,123.283000,125.053000,0.000000,0.000000,0.000000
FingertipsInterDistances,54.099700,0.000000,0.000000,0.000000
FingertipsPositions,-40.399200,4.532350,0.000000,0.000000,0.000000,396.922000,403.020000,0.000000,0.000000,0.000000,157.557000,128.049000,0.000000,0.000000,0.000000
HandDirection,-0.152925,0.829958,-0.536454
HandSphereCenter,-1.782290,343.458000,184.287000
HandSphereRadius,71.940500
PalmNormal,0.048886,-0.535821,-0.842915
PalmPosition,3.789420,282.400000,160.510000
PalmPositionRefined,3.574720,281.753000,158.572000
PalmVelocity,2.679430,-25.871800,-2.920540
RotationAngle,0.072058
RotationAxis,-0.908333,-0.400782,-0.119603
RotationMatrix,0.999546,-0.007666,0.029137,0.009556,0.997822,-0.065272,-0.028573,0.065521,0.997442
RotationProbability,0.025463
ScaleFactor,0.680752
ScaleProbability,0.098454
Translation,2.546760,38.569300,56.337300
TranslationProbability,0.876084
