FingersNr,2.000000
FingertipsDistances,103.017000,112.182000,0.000000,0.000000,0.000000
FingertipsDistancesRefined,99.810800,108.813000,0.000000,0.000000,0.000000
FingertipsInterDistances,56.607000,0.000000,0.000000,0.000000
FingertipsPositions,-24.354700,27.929500,0.000000,0.000000,0.000000,370.796000,389.698000,0.000000,0.000000,0.000000,139.313000,128.664000,0.000000,0.000000,0.000000
HandDirection,-0.184480,0.960182,-0.209803
HandSphereCenter,16.693700,325.790000,153.125000
HandSphereRadius,61.193800
PalmNormal,-0.091104,-0.229254,-0.969094
PalmPosition,23.777000,282.230000,160.572000
PalmPositionRefined,23.359700,285.644000,160.163000
PalmVelocity,-4.203660,-6.012350,-9.268410
RotationAngle,0.138666
RotationAxis,-0.721568,-0.257584,-0.642643
RotationMatrix,0.995399,-0.087044,0.040055,0.090612,0.991038,-0.098148,-0.031153,0.101326,0.994365
RotationProbability,0.226909
ScaleFactor,0.903678
ScaleProbability,0.561356
Translation,17.725300,7.536780,8.271380
TranslationProbability,0.211735
