FingersNr,1.000000
FingertipsDistances,121.448000,0.000000,0.000000,0.000000,0.000000
FingertipsDistancesRefined,120.808000,0.000000,0.000000,0.000000,0.000000
FingertipsInterDistances,0.000000,0.000000,0.000000,0.000000
FingertipsPositions,20.963700,0.000000,0.000000,0.000000,0.000000,443.256000,0.000000,0.000000,0.000000,0.000000,212.791000,0.000000,0.000000,0.000000,0.000000
HandDirection,0.005529,0.976743,-0.214344
HandSphereCenter,12.386300,375.451000,277.164000
HandSphereRadius,88.773400
PalmNormal,0.045818,0.213874,0.975786
PalmPosition,17.071900,322.243000,222.293000
PalmPositionRefined,16.337600,322.719000,219.440000
PalmVelocity,24.257900,38.740700,132.405000
RotationAngle,0.069934
RotationAxis,0.195435,-0.059864,0.978888
RotationMatrix,0.997649,0.068373,0.004651,-0.068430,0.997564,0.013513,-0.003716,-0.013800,0.999898
RotationProbability,0.000001
ScaleFactor,0.894179
ScaleProbability,0.000000
Translation,-5.305890,53.573300,86.181600
TranslationProbability,0.999999
