FingersNr,1.000000
FingertipsDistances,123.167000,0.000000,0.000000,0.000000,0.000000
FingertipsDistancesRefined,124.268000,0.000000,0.000000,0.000000,0.000000
FingertipsInterDistances,0.000000,0.000000,0.000000,0.000000
FingertipsPositions,23.024300,0.000000,0.000000,0.000000,0.000000,366.358000,0.000000,0.000000,0.000000,0.000000,87.954900,0.000000,0.000000,0.000000,0.000000
HandDirection,0.018537,0.836772,-0.547238
HandSphereCenter,13.005400,311.778000,139.094000
HandSphereRadius,76.377400
PalmNormal,-0.077844,-0.544463,-0.835165
PalmPosition,12.424500,246.957000,116.260000
PalmPositionRefined,12.536000,245.644000,115.535000
PalmVelocity,-2.765820,31.579800,8.583880
RotationAngle,0.032187
RotationAxis,-0.226765,0.787723,0.572775
RotationMatrix,0.999509,0.018340,-0.025418,-0.018526,0.999803,-0.007064,0.025283,0.007531,0.999652
RotationProbability,0.001345
ScaleFactor,1.000000
ScaleProbability,0.000206
Translation,5.866990,-20.575500,-8.305600
TranslationProbability,0.998449
