FingersNr,2.000000
FingertipsDistances,83.026300,100.468000,0.000000,0.000000,0.000000
FingertipsDistancesRefined,93.257600,103.678000,0.000000,0.000000,0.000000
FingertipsInterDistances,117.650000,0.000000,0.000000,0.000000
FingertipsPositions,-64.882700,1.638640,0.000000,0.000000,0.000000,190.237000,248.567000,0.000000,0.000000,0.000000,56.069400,-21.480300,0.000000,0.000000,0.000000
HandDirection,-0.638213,0.438791,-0.632571
HandSphereCenter,10.391100,207.234000,41.012300
HandSphereRadius,58.476400
PalmNormal,-0.043455,-0.840893,-0.539453
PalmPosition,17.837900,183.621000,53.443100
PalmPositionRefined,27.440700,178.384000,50.336100
PalmVelocity,-98.612900,34.269700,28.570100
RotationAngle,0.202475
RotationAxis,-0.030343,-0.761692,-0.647229
RotationMatrix,0.979591,-0.129682,0.153573,0.130626,0.991424,0.003969,-0.152771,0.016173,0.988129
RotationProbability,0.157104
ScaleFactor,0.974643
ScaleProbability,0.008109
Translation,-28.980200,7.377290,9.346030
TranslationProbability,0.834787
