FingersNr,3.000000
FingertipsDistances,79.581500,101.060000,46.437000,0.000000,0.000000
FingertipsDistancesRefined,74.669200,99.676500,46.826600,0.000000,0.000000
FingertipsInterDistances,114.653000,69.165200,0.000000,0.000000
FingertipsPositions,-15.679900,54.493600,73.468700,0.000000,0.000000,199.259000,277.462000,213.219000,0.000000,0.000000,47.569600,1.686730,18.909700,0.000000,0.000000
HandDirection,-0.414234,0.578289,-0.702846
HandSphereCenter,45.451400,223.857000,51.405800
HandSphereRadius,57.688800
PalmNormal,-0.022588,-0.778507,-0.627229
PalmPosition,62.752400,195.753000,60.580800
PalmPositionRefined,57.927700,196.569000,59.824100
PalmVelocity,47.776100,-11.437600,7.363630
RotationAngle,0.000000
RotationAxis,0.000000,0.000000,0.000000
RotationMatrix,1.000000,0.000000,0.000000,0.000000,1.000000,0.000000,0.000000,0.000000,1.000000
RotationProbability,0.000000
ScaleFactor,1.000000
ScaleProbability,0.000000
Translation,0.000000,0.000000,0.000000
TranslationProbability,0.000000
