FingersNr,2.000000
FingertipsDistances,82.919300,100.860000,0.000000,0.000000,0.000000
FingertipsDistancesRefined,82.975800,100.874000,0.000000,0.000000,0.000000
FingertipsInterDistances,119.191000,0.000000,0.000000,0.000000
FingertipsPositions,-70.724500,-0.759846,0.000000,0.000000,0.000000,214.919000,292.319000,0.000000,0.000000,0.000000,62.341800,4.716530,0.000000,0.000000,0.000000
HandDirection,-0.614112,0.537439,-0.577949
HandSphereCenter,11.333900,237.343000,56.552900
HandSphereRadius,60.555300
PalmNormal,-0.014849,-0.740044,-0.672395
PalmPosition,12.059200,210.203000,61.859400
PalmPositionRefined,12.115300,210.195000,61.860000
PalmVelocity,-200.261000,29.881700,-1.800230
RotationAngle,0.170502
RotationAxis,-0.128897,-0.759564,-0.637533
RotationMatrix,0.985741,-0.106755,0.130072,0.109594,0.993865,-0.014849,-0.127689,0.028893,0.991393
RotationProbability,0.000334
ScaleFactor,1.044220
ScaleProbability,0.000013
Translation,-52.595800,15.445800,8.153890
TranslationProbability,0.999653
