FingersNr,2.000000
FingertipsDistances,86.058800,101.714000,0.000000,0.000000,0.000000
FingertipsDistancesRefined,78.670400,98.618400,0.000000,0.000000,0.000000
FingertipsInterDistances,116.775000,0.000000,0.000000,0.000000
FingertipsPositions,-93.904800,-30.112700,0.000000,0.000000,0.000000,198.553000,269.453000,0.000000,0.000000,0.000000,53.576900,-13.802500,0.000000,0.000000,0.000000
HandDirection,-0.716329,0.440166,-0.541411
HandSphereCenter,-22.856400,230.421000,49.954000
HandSphereRadius,64.922900
PalmNormal,-0.005898,-0.779717,-0.626105
PalmPosition,-7.915610,195.356000,52.248400
PalmPositionRefined,-15.249500,197.754000,52.257300
PalmVelocity,18.987000,-12.608400,9.042090
RotationAngle,0.056904
RotationAxis,0.441988,0.746850,0.496853
RotationMatrix,0.998698,0.028792,-0.042121,-0.027724,0.999284,0.025738,0.042832,-0.024537,0.998781
RotationProbability,0.127887
ScaleFactor,0.976646
ScaleProbability,0.046779
Translation,32.843500,-6.928830,-4.843660
TranslationProbability,0.825334
