FingersNr,2.000000
FingertipsDistances,83.742400,101.309000,0.000000,0.000000,0.000000
FingertipsDistancesRefined,87.152800,102.328000,0.000000,0.000000,0.000000
FingertipsInterDistances,117.933000,0.000000,0.000000,0.000000
FingertipsPositions,-74.059100,-8.738190,0.000000,0.000000,0.000000,192.308000,260.865000,0.000000,0.000000,0.000000,45.381700,-24.913000,0.000000,0.000000,0.000000
HandDirection,-0.691043,0.447271,-0.567810
HandSphereCenter,-4.166450,220.030000,40.134300
HandSphereRadius,64.100700
PalmNormal,-0.032604,-0.804044,-0.593676
PalmPosition,9.582750,188.582000,43.666700
PalmPositionRefined,12.767400,196.478000,51.656000
PalmVelocity,-13.758300,15.616500,-20.014800
RotationAngle,0.075378
RotationAxis,0.971842,-0.235070,-0.016285
RotationMatrix,0.999842,-0.001875,0.017657,0.000578,0.997317,0.073197,-0.017747,-0.073175,0.997161
RotationProbability,0.253809
ScaleFactor,1.002910
ScaleProbability,0.139853
Translation,-5.206350,-19.212600,-18.577200
TranslationProbability,0.606339
