FingersNr,3.000000
FingertipsDistances,79.770400,100.683000,44.701700,0.000000,0.000000
FingertipsDistancesRefined,75.982400,98.438800,45.772100,0.000000,0.000000
FingertipsInterDistances,115.574000,68.038900,0.000000,0.000000
FingertipsPositions,-28.915400,38.672600,57.892800,0.000000,0.000000,177.220000,237.003000,180.642000,0.000000,0.000000,47.584400,-24.631300,8.281750,0.000000,0.000000
HandDirection,-0.403183,0.508259,-0.760997
HandSphereCenter,40.104300,196.232000,39.789600
HandSphereRadius,57.272200
PalmNormal,-0.063008,-0.845027,-0.530999
PalmPosition,50.603100,172.313000,51.591500
PalmPositionRefined,46.902700,176.413000,52.513200
PalmVelocity,0.449883,-12.214000,-16.582400
RotationAngle,0.196789
RotationAxis,0.318983,0.699245,0.639770
RotationMatrix,0.982663,0.129393,-0.132778,-0.120784,0.990136,0.071002,0.140656,-0.053734,0.988599
RotationProbability,0.533198
ScaleFactor,0.979262
ScaleProbability,0.022221
Translation,45.927800,-19.915600,-0.299519
TranslationProbability,0.444581
