FingersNr,3.000000
FingertipsDistances,83.630700,100.790000,45.808600,0.000000,0.000000
FingertipsDistancesRefined,85.966700,102.375000,47.257100,0.000000,0.000000
FingertipsInterDistances,118.476000,67.715300,0.000000,0.000000
FingertipsPositions,-38.757000,30.733800,50.978300,0.000000,0.000000,182.436000,240.568000,184.028000,0.000000,0.000000,50.036100,-26.306500,4.977650,0.000000,0.000000
HandDirection,-0.343184,0.527537,-0.777129
HandSphereCenter,33.614200,201.731000,38.428500
HandSphereRadius,57.706500
PalmNormal,-0.059537,-0.837931,-0.542519
PalmPosition,44.599500,175.685000,49.566200
PalmPositionRefined,46.947600,175.856000,51.348100
PalmVelocity,-21.526500,-11.809200,-25.681100
RotationAngle,0.025070
RotationAxis,0.176994,0.555938,0.812161
RotationMatrix,0.999696,0.020388,-0.013890,-0.020327,0.999783,0.004578,0.013980,-0.004295,0.999893
RotationProbability,0.182626
ScaleFactor,1.077290
ScaleProbability,0.273860
Translation,-6.054090,5.819060,2.214790
TranslationProbability,0.543515
