FingersNr,2.000000
FingertipsDistances,92.730400,118.302000,0.000000,0.000000,0.000000
FingertipsDistancesRefined,91.512400,116.151000,0.000000,0.000000,0.000000
FingertipsInterDistances,134.694000,0.000000,0.000000,0.000000
FingertipsPositions,-64.175500,-7.930350,0.000000,0.000000,0.000000,227.975000,312.811000,0.000000,0.000000,0.000000,83.545900,-4.669800,0.000000,0.000000,0.000000
HandDirection,-0.704869,0.386557,-0.594755
HandSphereCenter,5.112390,246.251000,44.396600
HandSphereRadius,63.750700
PalmNormal,-0.115882,0.764448,0.634184
PalmPosition,25.958700,249.059000,89.045100
PalmPositionRefined,24.091200,251.577000,88.690100
PalmVelocity,9.982100,-21.211300,6.820640
RotationAngle,0.410997
RotationAxis,-0.326656,-0.656545,-0.679886
RotationMatrix,0.925609,-0.253770,0.280800,0.289490,0.952620,-0.093334,-0.243810,0.167680,0.955217
RotationProbability,0.983595
ScaleFactor,0.922800
ScaleProbability,0.003881
Translation,-22.175700,9.690280,19.489400
TranslationProbability,0.012524
