FingersNr,2.000000
FingertipsDistances,93.967400,110.405000,0.000000,0.000000,0.000000
FingertipsDistancesRefined,90.896600,107.523000,0.000000,0.000000,0.000000
FingertipsInterDistances,132.737000,0.000000,0.000000,0.000000
FingertipsPositions,-1.413200,92.347800,0.000000,0.000000,0.000000,312.122000,397.306000,0.000000,0.000000,0.000000,173.364000,133.723000,0.000000,0.000000,0.000000
HandDirection,-0.604867,0.781839,-0.151209
HandSphereCenter,85.490300,331.128000,153.484000
HandSphereRadius,61.629700
PalmNormal,0.189541,0.325777,0.926252
PalmPosition,89.989700,291.682000,165.774000
PalmPositionRefined,88.071100,296.400000,170.612000
PalmVelocity,31.769600,-126.043000,-17.979100
RotationAngle,0.000000
RotationAxis,0.000000,0.000000,0.000000
RotationMatrix,1.000000,0.000000,0.000000,0.000000,1.000000,0.000000,0.000000,0.000000,1.000000
RotationProbability,0.000000
ScaleFactor,1.000000
ScaleProbability,0.000000
Translation,0.000000,0.000000,0.000000
TranslationProbability,0.000000
