FingersNr,2.000000
FingertipsDistances,93.293300,117.746000,0.000000,0.000000,0.000000
FingertipsDistancesRefined,93.252200,118.316000,0.000000,0.000000,0.000000
FingertipsInterDistances,134.025000,0.000000,0.000000,0.000000
FingertipsPositions,-40.170400,34.755000,0.000000,0.000000,0.000000,258.644000,343.333000,0.000000,0.000000,0.000000,114.935000,42.985300,0.000000,0.000000,0.000000
HandDirection,-0.653572,0.565323,-0.503243
HandSphereCenter,32.317600,272.422000,78.906700
HandSphereRadius,62.999000
PalmNormal,0.054391,0.698268,0.713767
PalmPosition,52.846600,258.007000,122.081000
PalmPositionRefined,52.740200,257.937000,122.878000
PalmVelocity,22.037100,-25.970000,6.604660
RotationAngle,0.264112
RotationAxis,0.990568,0.017192,0.135937
RotationMatrix,0.999349,0.036077,0.000181,-0.034896,0.965335,0.258671,0.009157,-0.258509,0.965965
RotationProbability,0.341296
ScaleFactor,0.974363
ScaleProbability,0.187533
Translation,1.752990,-1.312140,-24.772200
TranslationProbability,0.471170
