FingersNr,2.000000
FingertipsDistances,93.735600,117.944000,0.000000,0.000000,0.000000
FingertipsDistancesRefined,94.990200,116.334000,0.000000,0.000000,0.000000
FingertipsInterDistances,133.180000,0.000000,0.000000,0.000000
FingertipsPositions,-67.922800,-22.758700,0.000000,0.000000,0.000000,241.946000,334.169000,0.000000,0.000000,0.000000,86.590100,1.783630,0.000000,0.000000,0.000000
HandDirection,-0.755067,0.406849,-0.514147
HandSphereCenter,2.822660,272.471000,52.494500
HandSphereRadius,61.158300
PalmNormal,-0.056110,0.741208,0.668926
PalmPosition,23.089700,264.321000,85.030700
PalmPositionRefined,23.608700,267.289000,84.915300
PalmVelocity,-3.740710,-56.019500,15.576100
RotationAngle,0.190038
RotationAxis,-0.012985,-0.361340,-0.932344
RotationMatrix,0.982000,-0.176031,0.068474,0.176200,0.984348,0.003612,-0.068038,0.008518,0.997646
RotationProbability,0.304130
ScaleFactor,0.929191
ScaleProbability,0.019620
Translation,-14.674200,-15.813100,20.422500
TranslationProbability,0.676250
