FingersNr,2.000000
FingertipsDistances,93.523700,117.140000,0.000000,0.000000,0.000000
FingertipsDistancesRefined,89.244100,113.602000,0.000000,0.000000,0.000000
FingertipsInterDistances,133.364000,0.000000,0.000000,0.000000
FingertipsPositions,-59.374600,0.266318,0.000000,0.000000,0.000000,240.482000,328.920000,0.000000,0.000000,0.000000,82.268100,2.219550,0.000000,0.000000,0.000000
HandDirection,-0.718896,0.446834,-0.532474
HandSphereCenter,10.249500,259.243000,47.522800
HandSphereRadius,63.408500
PalmNormal,-0.047717,0.732490,0.679103
PalmPosition,32.821400,255.339000,87.353700
PalmPositionRefined,28.033400,257.988000,86.499700
PalmVelocity,-3.507840,-3.844290,-9.880410
RotationAngle,0.059499
RotationAxis,-0.207088,0.667331,0.715391
RotationMatrix,0.998306,0.042295,-0.039944,-0.042784,0.999018,-0.011469,0.039420,0.013159,0.999136
RotationProbability,0.248191
ScaleFactor,1.000910
ScaleProbability,0.034789
Translation,15.485900,-2.758170,-1.610650
TranslationProbability,0.717021
