FingersNr,3.000000
FingertipsDistances,91.519700,119.096000,53.137700,0.000000,0.000000
FingertipsDistancesRefined,99.939900,125.704000,60.899200,0.000000,0.000000
FingertipsInterDistances,136.654000,76.273700,0.000000,0.000000
FingertipsPositions,-47.114800,21.797100,46.692200,0.000000,0.000000,236.390000,293.888000,245.621000,0.000000,0.000000,66.045800,-37.004900,16.550800,0.000000,0.000000
HandDirection,-0.479678,0.380784,-0.790514
HandSphereCenter,24.101700,234.833000,21.885500
HandSphereRadius,65.559300
PalmNormal,-0.047108,0.888452,0.456545
PalmPosition,43.867900,245.624000,69.613300
PalmPositionRefined,51.251400,250.162000,77.109000
PalmVelocity,5.990060,-22.486000,4.642960
RotationAngle,0.300136
RotationAxis,0.700636,-0.589627,-0.401807
RotationMatrix,0.977241,-0.137262,0.161738,0.100327,0.970838,0.217735,-0.186908,-0.196552,0.962514
RotationProbability,0.045856
ScaleFactor,0.979011
ScaleProbability,0.000086
Translation,-36.842800,-14.490500,-26.573700
TranslationProbability,0.954059
