FingersNr,2.000000
FingertipsDistances,114.861000,111.186000,0.000000,0.000000,0.000000
FingertipsDistancesRefined,114.470000,110.620000,0.000000,0.000000,0.000000
FingertipsInterDistances,62.844200,0.000000,0.000000,0.000000
FingertipsPositions,-79.079000,-22.869300,0.000000,0.000000,0.000000,277.367000,263.106000,0.000000,0.000000,0.000000,84.662200,60.444600,0.000000,0.000000,0.000000
HandDirection,-0.022515,0.827054,-0.561671
HandSphereCenter,-48.618800,214.155000,86.583100
HandSphereRadius,57.698600
PalmNormal,-0.320176,0.526258,0.787744
PalmPosition,-41.141500,179.629000,131.580000
PalmPositionRefined,-40.634500,180.308000,131.619000
PalmVelocity,-46.680600,-68.474900,-6.568300
RotationAngle,0.485859
RotationAxis,-0.566109,0.078675,-0.820568
RotationMatrix,0.921362,-0.388333,0.017019,0.378024,0.884991,-0.271826,0.090497,0.256883,0.962196
RotationProbability,0.000000
ScaleFactor,0.968371
ScaleProbability,0.000000
Translation,-133.064000,-17.933400,46.828000
TranslationProbability,1.000000
