FingersNr,2.000000
FingertipsDistances,120.750000,122.082000,0.000000,0.000000,0.000000
FingertipsDistancesRefined,122.554000,123.629000,0.000000,0.000000,0.000000
FingertipsInterDistances,61.223000,0.000000,0.000000,0.000000
FingertipsPositions,-136.553000,-80.745300,0.000000,0.000000,0.000000,283.616000,289.277000,0.000000,0.000000,0.000000,15.243300,-9.286930,0.000000,0.000000,0.000000
HandDirection,-0.140884,0.565916,-0.812337
HandSphereCenter,-98.693000,238.150000,39.071000
HandSphereRadius,59.162900
PalmNormal,-0.397129,0.719311,0.569983
PalmPosition,-73.720300,194.973000,67.923400
PalmPositionRefined,-72.032400,195.381000,70.661500
PalmVelocity,-6.654120,15.557300,-32.266800
RotationAngle,0.374288
RotationAxis,0.509011,-0.152552,-0.847134
RotationMatrix,0.948705,-0.315097,0.025922,0.304345,0.932379,0.195047,-0.085627,-0.177153,0.980451
RotationProbability,0.000012
ScaleFactor,0.958341
ScaleProbability,0.000000
Translation,-104.878000,-13.299200,-66.620300
TranslationProbability,0.999988
