FingersNr,0.000000
FingertipsDistances,0.000000,0.000000,0.000000,0.000000,0.000000
FingertipsDistancesRefined,0.000000,0.000000,0.000000,0.000000,0.000000
FingertipsInterDistances,0.000000,0.000000,0.000000,0.000000
FingertipsPositions,0.000000,0.000000,0.000000,0.000000,0.000000,0.000000,0.000000,0.000000,0.000000,0.000000,0.000000,0.000000,0.000000,0.000000,0.000000
HandDirection,-0.122025,0.398111,-0.909185
HandSphereCenter,-91.065700,293.471000,6.727140
HandSphereRadius,63.663600
PalmNormal,-0.331155,0.847209,0.415419
PalmPosition,-72.562800,235.907000,28.830100
PalmPositionRefined,-71.315000,230.768000,38.979500
PalmVelocity,-33.297500,85.977500,-96.408200
RotationAngle,0.142361
RotationAxis,0.937642,-0.087398,0.336436
RotationMatrix,0.998778,0.046905,0.015591,-0.048563,0.989961,0.132736,-0.009209,-0.133331,0.991029
RotationProbability,0.000577
ScaleFactor,0.967787
ScaleProbability,0.000014
Translation,23.256100,12.336000,-39.297800
TranslationProbability,0.999410
