FingersNr,2.000000
FingertipsDistances,93.712100,99.812600,0.000000,0.000000,0.000000
FingertipsDistancesRefined,92.352500,99.438600,0.000000,0.000000,0.000000
FingertipsInterDistances,52.536200,0.000000,0.000000,0.000000
FingertipsPositions,21.675200,73.001800,0.000000,0.000000,0.000000,255.689000,249.694000,0.000000,0.000000,0.000000,108.547000,99.076100,0.000000,0.000000,0.000000
HandDirection,0.088926,0.832735,-0.546483
HandSphereCenter,56.771600,223.062000,160.943000
HandSphereRadius,57.361900
PalmNormal,-0.176487,-0.526802,-0.831464
PalmPosition,40.928000,189.124000,171.638000
PalmPositionRefined,39.386300,190.688000,171.715000
PalmVelocity,50.366600,-24.029200,16.954800
RotationAngle,0.167343
RotationAxis,0.344010,0.140912,0.928332
RotationMatrix,0.987684,0.155303,-0.019010,-0.153949,0.986308,0.059127,0.027932,-0.055472,0.998069
RotationProbability,0.000011
ScaleFactor,0.937155
ScaleProbability,0.000000
Translation,54.628300,15.311700,-37.691400
TranslationProbability,0.999989
