FingersNr,2.000000
FingertipsDistances,106.292000,114.783000,0.000000,0.000000,0.000000
FingertipsDistancesRefined,105.372000,114.253000,0.000000,0.000000,0.000000
FingertipsInterDistances,55.255200,0.000000,0.000000,0.000000
FingertipsPositions,-76.508500,-25.603500,0.000000,0.000000,0.000000,382.713000,400.792000,0.000000,0.000000,0.000000,124.539000,112.921000,0.000000,0.000000,0.000000
HandDirection,-0.216305,0.839694,-0.498123
HandSphereCenter,-36.521900,341.164000,138.719000
HandSphereRadius,51.563500
PalmNormal,0.066744,-0.496290,-0.865587
PalmPosition,-25.737400,299.472000,166.860000
PalmPositionRefined,-26.670400,300.095000,166.891000
PalmVelocity,-1.250300,10.624700,-8.851870
RotationAngle,0.000000
RotationAxis,0.000000,0.000000,0.000000
RotationMatrix,1.000000,0.000000,0.000000,0.000000,1.000000,0.000000,0.000000,0.000000,1.000000
RotationProbability,0.000000
ScaleFactor,1.000000
ScaleProbability,0.000000
Translation,0.000000,0.000000,0.000000
TranslationProbability,0.000000
