FingersNr,2.000000
FingertipsDistances,112.698000,117.453000,0.000000,0.000000,0.000000
FingertipsDistancesRefined,111.531000,116.138000,0.000000,0.000000,0.000000
FingertipsInterDistances,55.285900,0.000000,0.000000,0.000000
FingertipsPositions,-131.057000,-80.979900,0.000000,0.000000,0.000000,392.741000,409.600000,0.000000,0.000000,0.000000,92.427000,76.161300,0.000000,0.000000,0.000000
HandDirection,-0.274597,0.744130,-0.608988
HandSphereCenter,-82.016300,354.297000,114.116000
HandSphereRadius,56.331600
PalmNormal,0.184383,-0.580832,-0.792866
PalmPosition,-69.249000,308.947000,135.547000
PalmPositionRefined,-69.216800,310.976000,136.353000
PalmVelocity,14.171100,-46.952100,25.850000
RotationAngle,0.204024
RotationAxis,0.454131,0.277020,-0.846773
RotationMatrix,0.983537,-0.168956,-0.064103,0.174175,0.980851,0.087147,0.048152,-0.096877,0.994131
RotationProbability,0.000279
ScaleFactor,0.813269
ScaleProbability,0.000031
Translation,-52.253900,18.170900,-32.129100
TranslationProbability,0.999690
