FingersNr,2.000000
FingertipsDistances,104.558000,112.050000,0.000000,0.000000,0.000000
FingertipsDistancesRefined,104.283000,111.354000,0.000000,0.000000,0.000000
FingertipsInterDistances,55.706900,0.000000,0.000000,0.000000
FingertipsPositions,-41.720900,11.583100,0.000000,0.000000,0.000000,385.254000,398.341000,0.000000,0.000000,0.000000,84.266800,74.745300,0.000000,0.000000,0.000000
HandDirection,-0.139794,0.836629,-0.529631
HandSphereCenter,-0.283248,343.256000,99.888800
HandSphereRadius,52.684400
PalmNormal,-0.052416,-0.540386,-0.839783
PalmPosition,1.081400,305.014000,135.861000
PalmPositionRefined,1.813950,305.666000,135.701000
PalmVelocity,-4.966510,-28.678200,29.437200
RotationAngle,0.219072
RotationAxis,-0.241745,-0.293988,0.924733
RotationMatrix,0.977496,0.202666,0.058548,-0.199268,0.978165,-0.059035,-0.069234,0.046039,0.996538
RotationProbability,0.000013
ScaleFactor,0.916213
ScaleProbability,0.000000
Translation,86.641300,-8.345180,-5.225270
TranslationProbability,0.999987
