FingersNr,2.000000
FingertipsDistances,113.223000,114.854000,0.000000,0.000000,0.000000
FingertipsDistancesRefined,113.605000,114.956000,0.000000,0.000000,0.000000
FingertipsInterDistances,56.476300,0.000000,0.000000,0.000000
FingertipsPositions,-73.644500,-20.717300,0.000000,0.000000,0.000000,368.683000,373.299000,0.000000,0.000000,0.000000,45.525000,26.368100,0.000000,0.000000,0.000000
HandDirection,-0.193940,0.728953,-0.656517
HandSphereCenter,-28.038100,321.477000,74.648000
HandSphereRadius,59.327200
PalmNormal,0.032294,-0.664116,-0.746931
PalmPosition,-19.823000,285.746000,100.700000
PalmPositionRefined,-19.323800,285.297000,100.317000
PalmVelocity,14.868500,11.776800,2.904340
RotationAngle,0.196512
RotationAxis,0.387810,-0.227884,-0.893125
RotationMatrix,0.983648,-0.176083,0.037828,0.172681,0.981753,0.079637,-0.051160,-0.071803,0.996106
RotationProbability,0.000005
ScaleFactor,1.013760
ScaleProbability,0.000000
Translation,-94.232100,-5.320630,-42.134100
TranslationProbability,0.999995
