FingersNr,3.000000
FingertipsDistances,108.204000,111.657000,133.899000,0.000000,0.000000
FingertipsDistancesRefined,108.862000,112.907000,133.058000,0.000000,0.000000
FingertipsInterDistances,55.880900,240.974000,0.000000,0.000000
FingertipsPositions,-110.713000,-60.687900,-45.265400,0.000000,0.000000,349.318000,354.030000,208.721000,0.000000,0.000000,75.750400,51.296900,242.911000,0.000000,0.000000
HandDirection,-0.303125,0.738729,-0.601992
HandSphereCenter,-68.383500,307.227000,98.075200
HandSphereRadius,54.457900
PalmNormal,0.185243,-0.573985,-0.797638
PalmPosition,-55.949000,269.477000,124.068000
PalmPositionRefined,-57.031600,268.062000,124.400000
PalmVelocity,6.402020,-49.204600,-47.431200
RotationAngle,0.149574
RotationAxis,-0.452151,0.159634,-0.877540
RotationMatrix,0.991117,-0.131574,-0.019358,0.129962,0.989119,-0.068942,0.028218,0.065814,0.997433
RotationProbability,0.001016
ScaleFactor,0.921459
ScaleProbability,0.000036
Translation,-41.306500,-17.604500,25.044900
TranslationProbability,0.998948
